name,md5,abSize
audio/sound_beta_2/voice/char_002_amiya.ab,ab3409cec02535b6310bb8d51eec0f6e,1653593
audio/sound_beta_2/voice/char_003_kalts.ab,853e10b6a109a7978aacf3b46afe7990,2875233
audio/sound_beta_2/voice/char_003_kalts_boc#6.ab,f1da7dcc53fe3a759defad808463e9a5,2324608
audio/sound_beta_2/voice/char_009_12fce.ab,e2943a8c220fe9be7dadfd4cce0fa6eb,1860309
audio/sound_beta_2/voice/char_010_chen.ab,fae39977f82a7e1d7f5e41248eadef54,1423903
audio/sound_beta_2/voice/char_017_huang.ab,d37d43079583ee8123fd5715872c70ff,3061903
audio/sound_beta_2/voice/char_1001_amiya2.ab,9a54496e998cc16efe6251674d76e54f,3230271
audio/sound_beta_2/voice/char_1011_lava2.ab,f4b71e588fc12f5331fc1862ee2f4b8b,3127461
audio/sound_beta_2/voice/char_1012_skadi2.ab,c434bf3da44beda7580236e2d87564ec,6736562
audio/sound_beta_2/voice/char_1012_skadi2_iteration#2.ab,78800b94bee14b7ee58b9d8b9109d1d7,7165905
audio/sound_beta_2/voice/char_1013_chen2.ab,e015c78eadf81ac80af9e6d269f9123b,1780067
audio/sound_beta_2/voice/char_1014_nearl2.ab,d196046daeb5c3a3bcd662e9b41cae1a,2997271
audio/sound_beta_2/voice/char_1016_agoat2.ab,f70d816221ce388c22257c59c7ed99d3,3375554
audio/sound_beta_2/voice/char_1016_agoat2_epoque#34.ab,461834fd63db095db68465072d220e13,2442072
audio/sound_beta_2/voice/char_1019_siege2.ab,096ab72039ab2827154b35a3b07a37b8,2388186
audio/sound_beta_2/voice/char_101_sora.ab,6a0aa8e67d5dea13c532f29390a302e2,2384035
audio/sound_beta_2/voice/char_1020_reed2.ab,52f8351015407b715673b797f5d8954c,2318611
audio/sound_beta_2/voice/char_1021_kroos2.ab,061977ec00d0202c598c9c90fb298f61,2633366
audio/sound_beta_2/voice/char_1022_flwr2.ab,ffc5409d474bb2fa57b5cc3a6a4072ce,2606793
audio/sound_beta_2/voice/char_1023_ghost2.ab,23d9ee01d98a58fdccc9d3bd44c503ed,2769515
audio/sound_beta_2/voice/char_1024_hbisc2.ab,9b4fdcf2d9d6c2498605983eb713f95f,2679299
audio/sound_beta_2/voice/char_1026_gvial2.ab,a6a88fdb778f6421f9a4dc452daf8ccc,2297290
audio/sound_beta_2/voice/char_1027_greyy2.ab,6038b74e3f46b6a5d8f03537542bba73,2697750
audio/sound_beta_2/voice/char_1028_texas2.ab,7376b5735eccce6470bed252f930dfd5,2285243
audio/sound_beta_2/voice/char_1029_yato2.ab,430c9fb54b8b300228ea4ccde70e9030,1953953
audio/sound_beta_2/voice/char_102_texas.ab,c67bb915cf5c5a522b1cd16f688ac0ce,962659
audio/sound_beta_2/voice/char_1030_noirc2.ab,f569dc958c6af5ac242b0495cd642a9d,2016050
audio/sound_beta_2/voice/char_1031_slent2.ab,f246c0783944ccafc9f2fcc475d6eb6a,2155484
audio/sound_beta_2/voice/char_1032_excu2.ab,f11d73c470b3d71b6af2347819305470,2105523
audio/sound_beta_2/voice/char_1032_excu2_sale#12.ab,2543d7ee356eba0404c6f98e0f91e99b,1777618
audio/sound_beta_2/voice/char_1033_swire2.ab,40c9a0138a44e3e04b668c230a653939,2990357
audio/sound_beta_2/voice/char_1034_jesca2.ab,089dea59eac01d4924af33a3fe832bc6,3181429
audio/sound_beta_2/voice/char_1035_wisdel.ab,6b797bdd863154a5a282f1c008104abb,3555433
audio/sound_beta_2/voice/char_1035_wisdel_sale#14.ab,f3215388009ea9f10784c8d4ca10d323,3348352
audio/sound_beta_2/voice/char_1036_fang2.ab,1bfa7f7a25371ca84b3fdb194b224ed6,1999623
audio/sound_beta_2/voice/char_1037_amiya3.ab,3b86221b0684eddc1359b99e8259a5d7,2160798
audio/sound_beta_2/voice/char_1038_whitw2.ab,dc4bb85d39fbe4fa5bd01d8331948f5d,2728817
audio/sound_beta_2/voice/char_1038_whitw2_sale#15.ab,1afdebc63c06411903440cc66c59b366,2396881
audio/sound_beta_2/voice/char_1039_thorn2.ab,ddb65924717e6dcf76c2e1ab7f088b40,2707559
audio/sound_beta_2/voice/char_103_angel.ab,cb1b4969e00c70de188cff3911552685,1776039
audio/sound_beta_2/voice/char_1040_blaze2.ab,a192a5da7d58d5bb9f6b0e449e852a02,3113390
audio/sound_beta_2/voice/char_1041_angel2.ab,927b374ac5b43c399ace0b6e17a176ab,3134940
audio/sound_beta_2/voice/char_1042_phatm2.ab,73e97410a0d0dc0a76043824198f80de,3248638
audio/sound_beta_2/voice/char_1043_leizi2.ab,972eb48db287e0fe42ce927344ecb2e3,2855067
audio/sound_beta_2/voice/char_1044_hsgma2.ab,439a9a6af4441a45b9f3b0d0b80266bb,2709446
audio/sound_beta_2/voice/char_1045_svash2.ab,c429dbf8918bedca8997b78be69975c1,2864417
audio/sound_beta_2/voice/char_1046_sbell2.ab,186b079472a3de090cdb77eabfe4d979,3075202
audio/sound_beta_2/voice/char_1047_halo2.ab,b717d9896d2916493848e5e4d72b326b,2657897
audio/sound_beta_2/voice/char_1050_chen3.ab,3cedee865edcd1e37fc1a88450e3238f,2288867
audio/sound_beta_2/voice/char_106_franka.ab,5c0080f7b8cf58dfdb44918e51df9b1b,1972224
audio/sound_beta_2/voice/char_107_liskam.ab,e8f5e2d9dbfb3f73bb7174c2e3987871,1711331
audio/sound_beta_2/voice/char_108_silent.ab,e79fce47cb705a3a6115b349e5d77192,1955116
audio/sound_beta_2/voice/char_109_fmout.ab,3da97634129b30d63a5a58c6975e880a,2058036
audio/sound_beta_2/voice/char_110_deepcl.ab,4736728a54d44df7b60f36797a9c3bfb,1592620
audio/sound_beta_2/voice/char_112_siege.ab,a085356133fda058e3cc13cea0904f1d,1450078
audio/sound_beta_2/voice/char_113_cqbw.ab,b901494ee588edbed11988b96b15c3ae,3330230
audio/sound_beta_2/voice/char_113_cqbw_epoque#7.ab,69223d92cce4d2521ac271da1db57935,2281471
audio/sound_beta_2/voice/char_115_headbr.ab,ac053bc78ddf5bd7d47561565869c24b,1456805
audio/sound_beta_2/voice/char_117_myrrh.ab,873552f4abade53c958f9da60ba11c82,2660933
audio/sound_beta_2/voice/char_118_yuki.ab,3511405b03796560b022acac4278002d,707006
audio/sound_beta_2/voice/char_120_hibisc.ab,f738cd42f52ba1bd13bbb4df76a5f792,2541566
audio/sound_beta_2/voice/char_121_lava.ab,2f51fd9743b682caaf9115fd37c34434,1800831
audio/sound_beta_2/voice/char_122_beagle.ab,5dd4d3f56bba79f16a788fb0bf6ffa63,2474160
audio/sound_beta_2/voice/char_123_fang.ab,9912b6f44191b2304d223196db3468e5,1648834
audio/sound_beta_2/voice/char_124_kroos.ab,680835570c1ef307df1de5281f5b3fea,2327017
audio/sound_beta_2/voice/char_126_shotst.ab,281d737562272129f2f92e1118ddf2e0,1435452
audio/sound_beta_2/voice/char_127_estell.ab,9253cdb570be61d81fc932fd7b58e7cc,2398052
audio/sound_beta_2/voice/char_128_plosis.ab,da192b03674b621dced481c0ca1d9fe1,1864969
audio/sound_beta_2/voice/char_129_bluep.ab,c302648f572876b012683d7abfd26e4c,2289152
audio/sound_beta_2/voice/char_130_doberm.ab,3697bb16ac3995ea46ebee356c587772,1766728
audio/sound_beta_2/voice/char_131_flameb.ab,3b0b19aed26bb8130c7bd397ec0722b9,2766622
audio/sound_beta_2/voice/char_133_mm.ab,954f1594f5b978371e89679a8a0eae05,2297425
audio/sound_beta_2/voice/char_134_ifrit.ab,a0505d5fa772c55af552f2ae8565dd95,1925556
audio/sound_beta_2/voice/char_135_halo.ab,15d3a824f564c5d56fa440ca79f198b3,2222441
audio/sound_beta_2/voice/char_136_hsguma.ab,6a1c68d989b3fdc552b78a3dff24d1b7,1991264
audio/sound_beta_2/voice/char_137_brownb.ab,855ecbc3f91e72298ece810c4b37179c,1845791
audio/sound_beta_2/voice/char_140_whitew.ab,86f8057059d5db53a6a0733a0cdddd23,2247275
audio/sound_beta_2/voice/char_141_nights.ab,bb5eb814e21daa1978260cfa74c94cd4,1978639
audio/sound_beta_2/voice/char_143_ghost.ab,a4e054e8dc63480015bc15c63424dc75,2520896
audio/sound_beta_2/voice/char_144_red.ab,7aff7756b4230b6835a4ef5665468f74,1132601
audio/sound_beta_2/voice/char_145_prove.ab,3083359c8e8166da65ac7a3630a23e66,1905441
audio/sound_beta_2/voice/char_147_shining.ab,144121b68d87d2885b601c63f94a3ec1,1712688
audio/sound_beta_2/voice/char_148_nearl.ab,cb2f40b6abd437add9a7cc8c6c9cf330,1596661
audio/sound_beta_2/voice/char_149_scave.ab,704278ba7bcd63e45b6f9c61274132da,1609866
audio/sound_beta_2/voice/char_1502_crosly.ab,7befe771c3e9d7939a040474b8234957,2477143
audio/sound_beta_2/voice/char_150_snakek.ab,071f8244bcfa81cd6fc9d8367cf00c7e,1791445
audio/sound_beta_2/voice/char_151_myrtle.ab,c32d2e211286bd10531bf59e4ff31907,2436371
audio/sound_beta_2/voice/char_154_morgan.ab,fbd6db87240497655655a075ab210d90,2660159
audio/sound_beta_2/voice/char_155_tiger.ab,a8811a51c329e69f177988c02025f5b7,1656997
audio/sound_beta_2/voice/char_157_dagda.ab,f62dc9522cc8d3d4af32d99c8fcfacad,2052330
audio/sound_beta_2/voice/char_158_milu.ab,276f3eb9bc0c8a254d68a45903bb0989,1362088
audio/sound_beta_2/voice/char_159_peacok.ab,c353bd1116a2137a6df41670de0bea8b,2860751
audio/sound_beta_2/voice/char_163_hpsts.ab,8851599513e7cf7a2e60cde4f6aebc3b,1747188
audio/sound_beta_2/voice/char_164_nightm.ab,c2226bb994b1004b539b7b9032cf0eff,2730513
audio/sound_beta_2/voice/char_166_skfire.ab,adc2a3a430f5f4c8866dde8adf04b6ee,2329125
audio/sound_beta_2/voice/char_171_bldsk.ab,5defbd4a50668a9751e78a2279b5c306,2509088
audio/sound_beta_2/voice/char_172_svrash.ab,31e9d202a5f7d071e651e8551df3854d,2233107
audio/sound_beta_2/voice/char_173_slchan.ab,0e70fef291065b08fd6c41d6e9edd21f,1976121
audio/sound_beta_2/voice/char_174_slbell.ab,7689e2bf4e2cd4013037c1d609d2e643,2509804
audio/sound_beta_2/voice/char_179_cgbird.ab,ffb08a44f0c1d451c6bca3f1b6cc5f68,1947881
audio/sound_beta_2/voice/char_180_amgoat.ab,280818bddd49f6d134fb80c1882e6f0e,2539346
audio/sound_beta_2/voice/char_181_flower.ab,66010894c8063275a20e1a1421641bc3,1494135
audio/sound_beta_2/voice/char_183_skgoat.ab,bfad35c2250ce4ffd5a37f8e0e63ab3a,1728041
audio/sound_beta_2/voice/char_185_frncat.ab,2a94c093774bbef4c6054d02c81cd81a,2215546
audio/sound_beta_2/voice/char_187_ccheal.ab,7e9a0a6606fab51269d3cf9b8bb47346,1828026
audio/sound_beta_2/voice/char_188_helage.ab,1b265e0ced60e7686419e07719220532,3547613
audio/sound_beta_2/voice/char_190_clour.ab,d8ec0ad012340a2b889bb1e06b857919,1910033
audio/sound_beta_2/voice/char_192_falco.ab,4d82a2685ee12fa67c0a94b458a9e63f,1660833
audio/sound_beta_2/voice/char_193_frostl.ab,b358de6fb5e217fd3e0e3ad6818991a9,1211576
audio/sound_beta_2/voice/char_194_leto.ab,2e44b9da090cbe07a41dbaeb2093a966,2414273
audio/sound_beta_2/voice/char_195_glassb.ab,39263f994fcda6f4a29229105bb029f9,1891278
audio/sound_beta_2/voice/char_196_sunbr.ab,0d4223b5460b687165860c68de3a5050,2247849
audio/sound_beta_2/voice/char_197_poca.ab,522cec8a945447c9a21de0e3f5beba2b,3091235
audio/sound_beta_2/voice/char_198_blackd.ab,1e4276833185419cfb81e8fba2678d85,1826262
audio/sound_beta_2/voice/char_199_yak.ab,d6d82776fdb1c0eafead7586d539fc47,1788554
audio/sound_beta_2/voice/char_2012_typhon.ab,bec75834fe268ca91964eb167427772b,2629779
audio/sound_beta_2/voice/char_2013_cerber.ab,ed8d5f9da4006739acaef695fe1b5e5e,1937342
audio/sound_beta_2/voice/char_2014_nian.ab,4aa2374ace940c4c0dfa457cd960954b,3436947
audio/sound_beta_2/voice/char_2015_dusk.ab,647513b5b905ae2bfbfdc11b31d63b7e,3794413
audio/sound_beta_2/voice/char_201_moeshd.ab,3bfea29775423baa2c3163fb1201eb46,2010582
audio/sound_beta_2/voice/char_2023_ling.ab,428bd3ccf99a4177c369b2d11f21ccfc,3218320
audio/sound_beta_2/voice/char_2023_ling_nian#12.ab,834285365e028825d7935e45edd45e21,2937675
audio/sound_beta_2/voice/char_2024_chyue.ab,d99a5ab1d4cf578427f385e46f47c212,3607050
audio/sound_beta_2/voice/char_2024_chyue_cfa#1.ab,c08eddb3dc3d3eb5c06b35112799fe6b,3584992
audio/sound_beta_2/voice/char_2025_shu.ab,d1f5dfbcd32ca2a398a1940ece71d634,2728347
audio/sound_beta_2/voice/char_2026_yu.ab,ce0e2e132288606ebe99bc729f1a0134,2644092
audio/sound_beta_2/voice/char_2027_wang.ab,667bfa1d6fd334cacf0979e0fd293248,2844047
audio/sound_beta_2/voice/char_202_demkni.ab,d8b86dcd60070d1905d58e1686bc74a9,1771202
audio/sound_beta_2/voice/char_204_platnm.ab,a9967611f8882cffe3cf2cdbe1733183,1842549
audio/sound_beta_2/voice/char_206_gnosis.ab,881662a20967d3ed8659b1c11845fd1a,2415756
audio/sound_beta_2/voice/char_208_melan.ab,ef27c66767385bbeaa33b999b2fd208f,1725395
audio/sound_beta_2/voice/char_209_ardign.ab,57a16780694a377880685b0c686e3cb2,2375174
audio/sound_beta_2/voice/char_210_stward.ab,3015cd57f57c7fe25a61ab996ced6e4d,1820327
audio/sound_beta_2/voice/char_211_adnach.ab,3e25674bf9c53e3fc015a08d4ada39e3,1844865
audio/sound_beta_2/voice/char_212_ansel.ab,365c96eff501ad2ed0470355fcb73a7a,1938696
audio/sound_beta_2/voice/char_213_mostma.ab,b5de4a31715db5ca2ef03cf230ae8619,2463317
audio/sound_beta_2/voice/char_214_kafka.ab,6baa046e3e75c4a03011db44b7b52632,2179240
audio/sound_beta_2/voice/char_215_mantic.ab,b846f3ff28d99dcce6caadca305d426d,1776953
audio/sound_beta_2/voice/char_218_cuttle.ab,39df673d66174f78a5048f29979ab4ed,2869621
audio/sound_beta_2/voice/char_219_meteo.ab,1a20ed0556ae9b0c7e82703dbfe77f09,1954367
audio/sound_beta_2/voice/char_220_grani.ab,d9167822d53a7690154927dd02f6efb9,2101634
audio/sound_beta_2/voice/char_222_bpipe.ab,f4537784131a45ddc130872e4ddd9c8a,2854537
audio/sound_beta_2/voice/char_225_haak.ab,579c91efee1462f5d030e90de3340a32,3106748
audio/sound_beta_2/voice/char_226_hmau.ab,7ea409168002e71a62571829bf9e3f97,2280805
audio/sound_beta_2/voice/char_230_savage.ab,429c3a7b6a72e0c69aa2b360f3ee425a,1662184
audio/sound_beta_2/voice/char_235_jesica.ab,263c1826081dce31cd8313fb225e4433,2340260
audio/sound_beta_2/voice/char_236_rope.ab,8202cb4e007b32516dcc79528c4e607a,1841318
audio/sound_beta_2/voice/char_237_gravel.ab,eba373bd9e3f3cf2b2d37b7db2e8ce0f,1880354
audio/sound_beta_2/voice/char_240_wyvern.ab,76a20b8f11d7e1a5ae1f3a9d9856c26b,1722433
audio/sound_beta_2/voice/char_241_panda.ab,794daf5126d16864e1da1ae7479d6ec7,2567129
audio/sound_beta_2/voice/char_242_otter.ab,d4889f155b6808ac6d0d182f8af2de11,2085854
audio/sound_beta_2/voice/char_243_waaifu.ab,6c7436a25103a69140f5c197bd08ee09,3216498
audio/sound_beta_2/voice/char_245_cello.ab,99346d86f54eb48b001c70fc8f7e1efe,2884678
audio/sound_beta_2/voice/char_245_cello_sale#12.ab,72bb75dbae0a2f326cfdb0b11dbe6b0d,2489147
audio/sound_beta_2/voice/char_248_mgllan.ab,58d6e717565c15e4fb93255583dee7f2,2497187
audio/sound_beta_2/voice/char_249_mlyss.ab,c4d01f38011c224f914e346b18b47d51,2334572
audio/sound_beta_2/voice/char_249_mlyss_boc#8.ab,ebd946de61a599a648ff976ef500fce9,2538301
audio/sound_beta_2/voice/char_250_phatom.ab,cf97faae997cfce1d949bff6d8056df8,3036276
audio/sound_beta_2/voice/char_252_bibeak.ab,2c174068274f53c24085ff85b78c0180,3551324
audio/sound_beta_2/voice/char_253_greyy.ab,0eca7d4ee9595c8cc7be7ed4f994e128,2779241
audio/sound_beta_2/voice/char_254_vodfox.ab,2a2cdb74ef037347434a8431e5a3f63d,2689194
audio/sound_beta_2/voice/char_258_podego.ab,3b6d2e26fd03ecf2fba1ff0ddf3c900e,1900567
audio/sound_beta_2/voice/char_260_durnar.ab,590edfd0e72708430c99a059ed03ce37,2190871
audio/sound_beta_2/voice/char_261_sddrag.ab,33beaff2773aee89679f8f86092cd57c,2712898
audio/sound_beta_2/voice/char_263_skadi.ab,b84ba134ee74e5ec12305de02758db17,2390822
audio/sound_beta_2/voice/char_264_f12yin.ab,032fe29cfbe32a6ab42ffaf559f16232,3485171
audio/sound_beta_2/voice/char_265_sophia.ab,3e2ecda8e70b51f55950ed8fb964c9e6,2523739
audio/sound_beta_2/voice/char_271_spikes.ab,b4f1aa30c32adf1f75aa369de508c4aa,2604580
audio/sound_beta_2/voice/char_272_strong.ab,65cbe3bef0cb96216a97d5882450a5b6,2215536
audio/sound_beta_2/voice/char_274_astesi.ab,0b19e72aabff6faed87e225ac45bb32b,2511283
audio/sound_beta_2/voice/char_275_breeze.ab,717828a88007ec2ae7cf7b973e624037,2402298
audio/sound_beta_2/voice/char_277_sqrrel.ab,ee61112eed05ba455bedb9488b90ab54,1128142
audio/sound_beta_2/voice/char_278_orchid.ab,a91a3dbef76a26f19fc5191571cfdd25,1673580
audio/sound_beta_2/voice/char_279_excu.ab,055e8a42ad6733db9c5642c8417cc572,2871975
audio/sound_beta_2/voice/char_281_popka.ab,80e0ce98ac5870deacf40b4ca7b0e041,2536724
audio/sound_beta_2/voice/char_282_catap.ab,2e48f2c0a5d1f4069b26f7e1e3732508,2736419
audio/sound_beta_2/voice/char_283_midn.ab,f0e4642401970f397523d8b515a209ab,1662237
audio/sound_beta_2/voice/char_284_spot.ab,8a5d55d0b16bc8438c0a27771aa870dd,1616232
audio/sound_beta_2/voice/char_285_medic2.ab,675fa3034763a6c69f1ca52f29153793,1470805
audio/sound_beta_2/voice/char_286_cast3.ab,6682b577bfa3996bd0045e86a2a34480,932190
audio/sound_beta_2/voice/char_289_gyuki.ab,1ce5367d8f2b24b42905fd7b57829d9e,2342775
audio/sound_beta_2/voice/char_290_vigna.ab,a238f015eb007737cb8e34dc1a5190b1,2276005
audio/sound_beta_2/voice/char_291_aglina.ab,f6a04b5430139685ce1854d4b12369b5,2724598
audio/sound_beta_2/voice/char_293_thorns.ab,52ef85dd44163e6ae95ec81c1e415d54,2722953
audio/sound_beta_2/voice/char_294_ayer.ab,85404a24875e64dd478e2dbc9d89f3df,1864538
audio/sound_beta_2/voice/char_297_hamoni.ab,5f4252907e6b39b2f6e8e599ccb2b306,2140447
audio/sound_beta_2/voice/char_298_susuro.ab,a25d1eb6f4a01969db25cb2ad8b61e98,2790472
audio/sound_beta_2/voice/char_300_phenxi.ab,fcb60a6e7ccb45699daa127b259ad572,2991934
audio/sound_beta_2/voice/char_301_cutter.ab,4deaaf97ff2c6ad3fd9f5238619f395c,2774345
audio/sound_beta_2/voice/char_302_glaze.ab,fb63b3d8fc2a2036c41fd34a20b440f7,2794550
audio/sound_beta_2/voice/char_304_zebra.ab,b59c1004c3279dae6e1e8938a466a6cb,2360875
audio/sound_beta_2/voice/char_306_leizi.ab,ccaf9fa835e7ba22ad5451b92e48e052,3270832
audio/sound_beta_2/voice/char_308_swire.ab,5924b6f8e80cb1e07e54f1886147e832,3726754
audio/sound_beta_2/voice/char_311_mudrok#1.ab,6978d8e530bc7b1e87dd83752f90ef50,3638970
audio/sound_beta_2/voice/char_311_mudrok.ab,daacbd430dedf6910b15445456f7d9d8,3476031
audio/sound_beta_2/voice/char_322_lmlee.ab,959661d2ef37b975768d84ccb0c5f280,3680259
audio/sound_beta_2/voice/char_325_bison.ab,ac01f112bbcb0a51a11369c268d56b12,1913027
audio/sound_beta_2/voice/char_326_glacus.ab,c39b356600cbfa759450d77d75578f5f,2106952
audio/sound_beta_2/voice/char_328_cammou.ab,4267df24871dd3c3c6587a4f606a48dd,1414923
audio/sound_beta_2/voice/char_332_archet.ab,b69dda98e6335089b4ef2256cad6c630,3404902
audio/sound_beta_2/voice/char_333_sidero.ab,6f79a2db1d40f06496e5a78abbce2b38,2720707
audio/sound_beta_2/voice/char_336_folivo.ab,6f49909319c2f9aead7a04fe88ec8978,2393675
audio/sound_beta_2/voice/char_337_utage.ab,c6f0f3be1ac20172b329e3ced07dd370,1945428
audio/sound_beta_2/voice/char_338_iris.ab,85201ec0e3ffc848485548ae4d7d739b,2864236
audio/sound_beta_2/voice/char_340_shwaz.ab,ed1ebe5db770935520dd143761deb604,2267807
audio/sound_beta_2/voice/char_341_sntlla.ab,6680137f232f88f0f7adf060d3172740,2025997
audio/sound_beta_2/voice/char_343_tknogi.ab,c8977506a53daba64baa9f97d6646726,2930250
audio/sound_beta_2/voice/char_344_beewax.ab,0e23c8a215adb0b02d489033097db5f5,3446231
audio/sound_beta_2/voice/char_345_folnic.ab,224651ba8cf1d8878fd0ebff65d27300,1649827
audio/sound_beta_2/voice/char_346_aosta.ab,a836d35d92cef4736ab3d3a751bec64b,2586915
audio/sound_beta_2/voice/char_347_jaksel.ab,89330ca619e1a9e281404166aa49b300,2099368
audio/sound_beta_2/voice/char_348_ceylon.ab,f0c170f54bbff2818acca637692f0dbd,2347372
audio/sound_beta_2/voice/char_349_chiave.ab,fb8ebcf347ef624e2f5cdf8e3ca4fcea,1762626
audio/sound_beta_2/voice/char_350_surtr.ab,7199b27a8ef913b973d5ae25df9c500f,1609367
audio/sound_beta_2/voice/char_355_ethan.ab,87f6d9b7a07a6309724eeafdc1b6918c,3170308
audio/sound_beta_2/voice/char_356_broca.ab,293e2fb80a1f11b30233c438f7d99bf1,1864985
audio/sound_beta_2/voice/char_358_lisa.ab,5842f8535e6ba30971bc36c195ffebad,3699924
audio/sound_beta_2/voice/char_362_saga.ab,b463ecb9788997ee8be320be4b9c9966,2955135
audio/sound_beta_2/voice/char_363_toddi.ab,d03102000237a52bca12d2f5ca516357,2334725
audio/sound_beta_2/voice/char_365_aprl.ab,cf9c283a5cf428072f34825f3cff1d33,2653329
audio/sound_beta_2/voice/char_366_acdrop.ab,f3d7d64eb071503724f17cd3ebb13bea,2003175
audio/sound_beta_2/voice/char_367_swllow.ab,e1a93887c6fba17e7216a4e905a18208,2987102
audio/sound_beta_2/voice/char_369_bena.ab,0ae636f49b0ce7501dedc2debf91dd8e,2134614
audio/sound_beta_2/voice/char_373_lionhd.ab,53dde3653ee8ac161b46a71130acba6e,3005020
audio/sound_beta_2/voice/char_376_therex.ab,18d528aa1c2ef547f0e8b660e551f8a2,2058577
audio/sound_beta_2/voice/char_377_gdglow.ab,91123cfabf4a741c31f358f4ff29b78c,2633309
audio/sound_beta_2/voice/char_378_asbest.ab,f22f728ba54c64ad4ff717baca1c95f1,2187740
audio/sound_beta_2/voice/char_379_sesa.ab,67ed1efff2cefdd3897a79bd4349f36c,3510936
audio/sound_beta_2/voice/char_381_bubble.ab,76fd6ed51b9f4d9c4b85f90e4a35a2bc,2108804
audio/sound_beta_2/voice/char_383_snsant.ab,309da9208925f93dcea1999e341ce459,2838513
audio/sound_beta_2/voice/char_385_finlpp.ab,523c913c32e4425b5e932e40ac30a219,2650744
audio/sound_beta_2/voice/char_388_mint.ab,43fae0d13b012f885a93684816a472e5,2598858
audio/sound_beta_2/voice/char_391_rosmon.ab,8abb476f948a32dac978c54172917059,4859692
audio/sound_beta_2/voice/char_394_hadiya.ab,d866a264ec411d440da7fcfb3df83b56,2095179
audio/sound_beta_2/voice/char_4000_jnight.ab,9a084a60de545245be86f55f3ee4cfa5,1442134
audio/sound_beta_2/voice/char_4004_pudd.ab,2e00dc109b49f645b85c285408155b47,3259431
audio/sound_beta_2/voice/char_4006_melnte.ab,563e1e650601d6f6bb7d826ab40d81a7,2273876
audio/sound_beta_2/voice/char_4009_irene.ab,4deaeb911f1916599949e1287dbfd3e5,2633600
audio/sound_beta_2/voice/char_400_weedy.ab,144b16a66c3d518b23e806d9c9be4a6c,1639338
audio/sound_beta_2/voice/char_4010_etlchi.ab,441d2f9bfbf96afd89592a2c605709a9,3268077
audio/sound_beta_2/voice/char_4011_lessng.ab,d879018a2913d333692eaaa1b4e34d4f,2153113
audio/sound_beta_2/voice/char_4013_kjera.ab,07c7e5c3330919644fbbb3ecd83a1ac4,2177595
audio/sound_beta_2/voice/char_4014_lunacu.ab,417a6b07b4dd9ce7eb0baf2ba3d2eef1,2255491
audio/sound_beta_2/voice/char_4015_spuria.ab,a5455f52891401f249326c1238e0143f,2494099
audio/sound_beta_2/voice/char_4016_kazema.ab,9ee4f2783d8c50464742b1461c6b0314,2872222
audio/sound_beta_2/voice/char_4017_puzzle.ab,e566000f9c7a50b06d232ceea19ca775,2971201
audio/sound_beta_2/voice/char_401_elysm.ab,501fc78ac88a6fa1e64e7db87a00a613,2233905
audio/sound_beta_2/voice/char_4023_rfalcn.ab,0a636ad819c32c6db9f7ad2f2a6b52cb,2175529
audio/sound_beta_2/voice/char_4025_aprot2.ab,b0eea8d03017e296ac2980236229e68f,3070067
audio/sound_beta_2/voice/char_4026_vulpis.ab,42c3bbea1d501649383f6a83a7e9ddc8,2325576
audio/sound_beta_2/voice/char_4027_heyak.ab,dce8ca568b0fc51643610add6cc764b6,3223841
audio/sound_beta_2/voice/char_402_tuye.ab,7dc05f36f6729e20e9702bd8e8d985d5,2069272
audio/sound_beta_2/voice/char_4031_liesel.ab,52e82e8676f082e3f96f283e23037bc1,2706074
audio/sound_beta_2/voice/char_4032_provs.ab,ba7fce60af1c92f86425bb9bab966b70,2515584
audio/sound_beta_2/voice/char_4036_forcer.ab,55592a2032d26f497044617f2edb41d1,2663365
audio/sound_beta_2/voice/char_4037_demetr.ab,0641ace0e94ed2cdf7cd21713039ac2f,2317145
audio/sound_beta_2/voice/char_4039_horn.ab,87cd81f9cc68abb6ee76d7b1b033c6c3,3008166
audio/sound_beta_2/voice/char_4040_rockr.ab,e2140150f5616fcfab64190bee85147b,3157342
audio/sound_beta_2/voice/char_4041_chnut.ab,52f11cdf95bf8f24c0cb143d14430659,2228576
audio/sound_beta_2/voice/char_4042_lumen.ab,277d1d4b8cf3ad26e463b5f952e1688a,2575499
audio/sound_beta_2/voice/char_4043_erato.ab,dd84f8230be61807c8d16df3e4f9c993,3055993
audio/sound_beta_2/voice/char_4045_heidi.ab,c344362dc3f09d6416dff9540c5271ce,2712200
audio/sound_beta_2/voice/char_4046_ebnhlz.ab,de70b820d5db3980f95f6b314831bd22,2824686
audio/sound_beta_2/voice/char_4047_pianst.ab,3542d609257a6f5ad98eaf31c4b3ef08,2720162
audio/sound_beta_2/voice/char_4048_doroth.ab,4f573048988658dfe64c00f0a3bb8812,3255625
audio/sound_beta_2/voice/char_4051_akkord.ab,82459530375beb5824bc2bbc1296be42,2642675
audio/sound_beta_2/voice/char_4052_surfer.ab,713950081fa3f05ee3bcfa66050b8ec5,2815896
audio/sound_beta_2/voice/char_4054_malist.ab,5ac5826806b3ceda22bc91b795ef137f,2578774
audio/sound_beta_2/voice/char_4055_bgsnow.ab,72c75053856d5dbca45873b9d2589fec,3306158
audio/sound_beta_2/voice/char_4056_titi.ab,ae6a9a80761e943d58dfbd6d0335938b,2885864
audio/sound_beta_2/voice/char_4058_pepe.ab,e7b9b7b74d546cbd6d1311ee55cb183e,3018937
audio/sound_beta_2/voice/char_405_absin.ab,9ce40297ff7b0da6bdb4d3369cd95d4e,2636870
audio/sound_beta_2/voice/char_4062_totter.ab,1dd5acfeaf0ce565ecf45476a2b7b2fd,1739403
audio/sound_beta_2/voice/char_4063_quartz.ab,623a36e71091b7368549fe3a7fed100b,2308889
audio/sound_beta_2/voice/char_4064_mlynar.ab,71f2ad4c55ed5828ba9827304c29946a,2380976
audio/sound_beta_2/voice/char_4064_mlynar_epoque#28.ab,89992c0d97c6aebd6adbd87344263131,2271090
audio/sound_beta_2/voice/char_4065_judge.ab,d143c135d1f9687f86123ba042ea6393,2944842
audio/sound_beta_2/voice/char_4066_highmo.ab,3ae0620807d3a8695e4de0b932341005,1772199
audio/sound_beta_2/voice/char_4067_lolxh#1.ab,9592baf242e7a73ee04be09e7ec53937,1273221
audio/sound_beta_2/voice/char_4067_lolxh.ab,8f9e0b43199f086dedd7157b2df8ebba,566387
audio/sound_beta_2/voice/char_4071_peper.ab,1bfe0d354e4e7d663a4ce5ed8fb54020,2635569
audio/sound_beta_2/voice/char_4072_ironmn.ab,95c5d8f191a0162bb3a4ce0e01106e71,2614945
audio/sound_beta_2/voice/char_4077_palico.ab,b4bc7576560f38e04bcfdc813461be01,453680
audio/sound_beta_2/voice/char_4078_bdhkgt.ab,1900ee2daa9f90fad7ed07ef5e918d9a,2011747
audio/sound_beta_2/voice/char_4079_haini.ab,4a7c38e5df3f51ab0fd29f4743ccf7c3,2943083
audio/sound_beta_2/voice/char_4080_lin.ab,1e9c59dd1c7c3e691d18a31d21b375ca,2322470
audio/sound_beta_2/voice/char_4081_warmy.ab,26e2af92a8913c4e8bfedeec5aab3d57,2811789
audio/sound_beta_2/voice/char_4082_qiubai.ab,b11b5d35146e82f935d4a6edd54fe60f,2304358
audio/sound_beta_2/voice/char_4083_chimes.ab,a48d0dad0c869de7c41b42a237218c1d,2174401
audio/sound_beta_2/voice/char_4087_ines.ab,48867e1b59d7d8a2e8c73241f54ad185,2412144
audio/sound_beta_2/voice/char_4088_hodrer.ab,012a0f0eea330ce939e8eb88c723dcc1,2471727
audio/sound_beta_2/voice/char_4091_ulika.ab,25225cd380f4b537024a8e96d67092ed,2521258
audio/sound_beta_2/voice/char_4093_frston.ab,eadd308ad2fae870a581780856221572,1574208
audio/sound_beta_2/voice/char_4098_vvana.ab,47ed860273df9ce75b8aaed17eb1c06d,2766431
audio/sound_beta_2/voice/char_4100_caper.ab,46b26059945f21a409499b254aabb053,2746371
audio/sound_beta_2/voice/char_4102_threye.ab,e05c83aae29e108cd16e42373af194eb,2209330
audio/sound_beta_2/voice/char_4104_coldst.ab,f794068b89094144e985f14ac4f5297b,3087076
audio/sound_beta_2/voice/char_4105_almond.ab,5ce5ad2b9f8cefd7e59b8a19cda055e2,3219668
audio/sound_beta_2/voice/char_4106_bryota.ab,14cef1c3c11f48945499505df0bf8e0a,3472515
audio/sound_beta_2/voice/char_4107_vrdant.ab,6cbc81df1c08a47087366e1e9c074fb9,3183247
audio/sound_beta_2/voice/char_4109_baslin.ab,7be4c8c1633bc5e12051b463de45ff4c,2485505
audio/sound_beta_2/voice/char_4110_delphn.ab,00fea5a78419655af5239db7f46813cc,3131434
audio/sound_beta_2/voice/char_4114_harold.ab,987e14e9aaafce808014e9028bb560fe,3095973
audio/sound_beta_2/voice/char_4116_blkkgt.ab,3d5b2996845ad3584a6cee9ff6d2bc96,2027574
audio/sound_beta_2/voice/char_4117_ray.ab,155a89a9a87863bde48be0c91211d6e9,3788752
audio/sound_beta_2/voice/char_4119_wanqin.ab,ca6f76fcea0ea40a8fbcc9c3b838fedc,3201015
audio/sound_beta_2/voice/char_411_tomimi.ab,9b9119d853b14aee96b5848f693df47e,2598841
audio/sound_beta_2/voice/char_4121_zuole.ab,e0a5e8246ec2539199c757aff05f0516,2670673
audio/sound_beta_2/voice/char_4122_grabds.ab,dbedd21fffb98027a2423003359e33b0,2793275
audio/sound_beta_2/voice/char_4123_ela.ab,1ecaf552e208859b74bdb92bfadd2e36,1064461
audio/sound_beta_2/voice/char_4124_iana.ab,8b08ab7e78036295cd089ca52838f2dd,823904
audio/sound_beta_2/voice/char_4125_rdoc.ab,a2137aedf2a65fab9aa0ed538cceba7c,1135051
audio/sound_beta_2/voice/char_4126_fuze.ab,55d42c3f906f534eb0c342b4f7466804,878058
audio/sound_beta_2/voice/char_4130_luton.ab,46f52f551451c067ba944a421778b496,2195575
audio/sound_beta_2/voice/char_4131_odda.ab,f2674997716dd6735f47dd6a99f56459,2279071
audio/sound_beta_2/voice/char_4132_ascln.ab,951fbc339327763abb7532209f5ff4cb,2290286
audio/sound_beta_2/voice/char_4133_logos.ab,dbec08a82e30918f51380a41384874fe,2489770
audio/sound_beta_2/voice/char_4134_cetsyr.ab,f53a2ec17fcd9f16837a57358c252add,6807426
audio/sound_beta_2/voice/char_4134_cetsyr_epoque#50.ab,146d14f92771977fe6bd62089108fb26,3127706
audio/sound_beta_2/voice/char_4136_phonor.ab,66e6c6376044e8f754f462d80a617817,1968161
audio/sound_beta_2/voice/char_4137_udflow.ab,d6ee4015fc5a4ad00ec1d89ac879ab36,2716381
audio/sound_beta_2/voice/char_4138_narant.ab,39309a01c25f0fd04af2dbd523971dce,2939873
audio/sound_beta_2/voice/char_4139_papyrs.ab,b41e719695cb8d17f88e236719579909,2468901
audio/sound_beta_2/voice/char_4140_lasher.ab,754b53692baba99faa0d5740f8cff49d,2889184
audio/sound_beta_2/voice/char_4141_marcil.ab,e47c551612da41fb5168dfce39184a39,3470185
audio/sound_beta_2/voice/char_4142_laios.ab,315e5d0585fd38e746e068569a3a6516,2627009
audio/sound_beta_2/voice/char_4143_sensi.ab,3d970602856183d15ca02f6d8a3e9c16,3095907
audio/sound_beta_2/voice/char_4144_chilc.ab,b48f87347a599c6ae892e529b0cd1755,2435457
audio/sound_beta_2/voice/char_4145_ulpia.ab,7a1f5de151976c460ffd7eda4b57221e,2232256
audio/sound_beta_2/voice/char_4146_nymph.ab,8b9eecb03d500be1ea3926e4f2ca33cc,2379020
audio/sound_beta_2/voice/char_4147_mitm.ab,b664c8aedcb13ecdbc1c52cc704bad0d,2940658
audio/sound_beta_2/voice/char_4148_philae.ab,879e59ec48abb66e16c2c68dbe71512d,2777237
audio/sound_beta_2/voice/char_4151_tinman.ab,b67db4e5c84bbf343560d3251d2f4b86,3929634
audio/sound_beta_2/voice/char_4155_talr.ab,fb98bc3101b20bb8d5fb64d3f5ae15e7,2453429
audio/sound_beta_2/voice/char_415_flint.ab,a404792d8b50a65bfa2cab357551a012,2963491
audio/sound_beta_2/voice/char_4162_cathy.ab,fc3d1bfe6f9c464de414b2e30dd0ac86,2432221
audio/sound_beta_2/voice/char_4163_rosesa.ab,41bc20b58cc11d80f4fef01a96bc290b,2889846
audio/sound_beta_2/voice/char_4164_tecno.ab,b9626071c478c6258631a6b45f82936b,2971474
audio/sound_beta_2/voice/char_4165_ctrail.ab,8c9926146e4072283f35eaf600f8e397,2463426
audio/sound_beta_2/voice/char_4166_varkis.ab,ef8bb8b7b49c7df6d9755bceebb30c4e,2290573
audio/sound_beta_2/voice/char_416_zumama.ab,896989a75d068b6d1d0631a849a76275,2247564
audio/sound_beta_2/voice/char_4171_wulfen.ab,26facccaf0fe39e5a36622705e664ea2,2640461
audio/sound_beta_2/voice/char_4172_xingzh.ab,361ce80a6c1cd8e6249fb7c29893d6f2,3407425
audio/sound_beta_2/voice/char_4173_nowell.ab,03ad0e94693f89116178f8fe94f0f162,2158479
audio/sound_beta_2/voice/char_4177_brigid.ab,cbee84f27ce34a5e8b9f29a2643a2ede,2484459
audio/sound_beta_2/voice/char_4178_alanna.ab,5fb3d91bd04130c849a76edeaec0da94,2896785
audio/sound_beta_2/voice/char_4179_monstr.ab,77660ac1b3b845357e769d8d5ef58afe,2773294
audio/sound_beta_2/voice/char_4182_oblvns.ab,e78c433d8bc8942b92e4fca84d390d35,2382448
audio/sound_beta_2/voice/char_4183_mortis.ab,dc44e3ed978222a421e254209215912b,731726
audio/sound_beta_2/voice/char_4184_dolris.ab,531180e38161f614b5b444193d8bd8ca,2014484
audio/sound_beta_2/voice/char_4185_amoris.ab,88fbdeecfe17869774626591d0f2e422,1532547
audio/sound_beta_2/voice/char_4186_tmoris.ab,361d2e6d2439d776bea936b1bf8cd9c9,1358898
audio/sound_beta_2/voice/char_4187_graceb.ab,e4f16a6f885ebfa87b92536a6c8712ce,3117067
audio/sound_beta_2/voice/char_4188_confes.ab,89bc7f02f30a4d0f9947e5f181ef005e,3049008
audio/sound_beta_2/voice/char_4191_tippi.ab,e26d0ed40916b595bb41e2aca06f3197,2909217
audio/sound_beta_2/voice/char_4193_lemuen.ab,b117bf02de93136b090bc00976a14e1a,2514299
audio/sound_beta_2/voice/char_4194_rmixer.ab,3ddee3519fadf82352fded6f6cf3e4f1,3423804
audio/sound_beta_2/voice/char_4195_radian.ab,846a9be0c40348de5a1457d8e7c81985,2613999
audio/sound_beta_2/voice/char_4196_reckpr.ab,612a6e4d8e70b139f84589c48c0a92ac,3541823
audio/sound_beta_2/voice/char_4198_christ.ab,1f57c940cd637dd9a2cfa9b52859d566,791696
audio/sound_beta_2/voice/char_4199_makiri.ab,98b1319235425d1c695cb5a62644bb4b,3000769
audio/sound_beta_2/voice/char_4202_haruka.ab,c9e96127db58cba3780d2fb784e13a28,2883617
audio/sound_beta_2/voice/char_4203_kichi.ab,4e0a8fe5367195975432f2c4baba985d,2404497
audio/sound_beta_2/voice/char_4204_mantra.ab,fe7762072971b4861262e2404cbc3a78,3221276
audio/sound_beta_2/voice/char_4207_branch.ab,346ae8ae5bdd54e7bb09ee4c9d2d06ab,2575377
audio/sound_beta_2/voice/char_4208_wintim.ab,a4b623596f243e2b2c6aaf21757e97fe,2387328
audio/sound_beta_2/voice/char_420_flamtl.ab,718b7d64a96f9ddb7d4b943dad9e3d02,2761042
audio/sound_beta_2/voice/char_4211_snhunt.ab,1fac0bd9a8cbd3f6ef5a6403aca08855,2771016
audio/sound_beta_2/voice/char_4212_nasti.ab,7ca2bad6724b5b55d4f6dffad414394d,2179819
audio/sound_beta_2/voice/char_4213_skybx.ab,fe8dc9e1c6ed42e176aa30a32e7eba03,3627522
audio/sound_beta_2/voice/char_4214_cairn.ab,fb0fbc3c255e129677063ebf74daddd3,2401209
audio/sound_beta_2/voice/char_421_crow.ab,c1a5b38075d1fe8f78375cb77c454c4d,1632068
audio/sound_beta_2/voice/char_4221_ju.ab,e6d02dd6a2db9f3fb38654cb67ae4c67,3379956
audio/sound_beta_2/voice/char_4222_taraxa.ab,ce2cde3fc1ef7977a2f52ff9a391f934,2574382
audio/sound_beta_2/voice/char_422_aurora.ab,7c0f2c8fa1da5a1cab7cf268ff14f34a,1785386
audio/sound_beta_2/voice/char_423_blemsh.ab,2b71f8f2522cf8af50bce5236fbb63cf,2557435
audio/sound_beta_2/voice/char_426_billro.ab,bc6651fbb34ccefeabee8c729ffa9e58,2905891
audio/sound_beta_2/voice/char_427_vigil.ab,fb098bd195f00e8c2fcf06443981c7bf,2720803
audio/sound_beta_2/voice/char_430_fartth.ab,174a52c65de51066f059321f724041b9,2158836
audio/sound_beta_2/voice/char_431_ashlok.ab,f6eb22d8e9aa15d3eb444f0cf820fe05,1883609
audio/sound_beta_2/voice/char_433_windft.ab,9992eb32f0147b8762ad1e306aec8d9c,2067656
audio/sound_beta_2/voice/char_436_whispr.ab,5e0bc6f7335f0fa9e9708b167296251b,2880573
audio/sound_beta_2/voice/char_437_mizuki.ab,bef918fca93e7bf04f6abe0d621728e4,2560930
audio/sound_beta_2/voice/char_440_pinecn.ab,e4ab2efa42b0c532c7f658799e37f908,2987175
audio/sound_beta_2/voice/char_445_wscoot.ab,1b53e9b25986416c5a267f566d7d3a6f,3631530
audio/sound_beta_2/voice/char_446_aroma.ab,484c61b6abbb8ca9c888d18893f30417,2636869
audio/sound_beta_2/voice/char_449_glider.ab,f99acbfc77a780781cea2eab0d414bb6,2665489
audio/sound_beta_2/voice/char_450_necras.ab,8dd90780d7464f8a38345358e7431495,2549538
audio/sound_beta_2/voice/char_451_robin.ab,9fc933a7fb34d70d778e9af83641adfe,2144944
audio/sound_beta_2/voice/char_452_bstalk.ab,fd4487012e17f7906ee3e001d98e400f,2507542
audio/sound_beta_2/voice/char_455_nothin.ab,ea931737afadd16fe6e77beddfa58ddd,3679497
audio/sound_beta_2/voice/char_456_ash.ab,21db78d0c36330a9018f7d2d7ede4c23,694986
audio/sound_beta_2/voice/char_457_blitz.ab,66dae5ba052a901a0a76e6ca8b9bce81,1034921
audio/sound_beta_2/voice/char_458_rfrost.ab,2b30a9c0a49c1539778562a2e31f676d,941596
audio/sound_beta_2/voice/char_459_tachak.ab,2436fd39df91f55453229f763a45af98,1053697
audio/sound_beta_2/voice/char_464_cement.ab,bce379ba40bf75a9f53b5620605cd03f,2388776
audio/sound_beta_2/voice/char_466_qanik.ab,ea7f7024979c06ba40f5135df8f7345b,2691366
audio/sound_beta_2/voice/char_469_indigo.ab,6388ec91341dd28f5ee9b5cc6bef994d,2320685
audio/sound_beta_2/voice/char_472_pasngr.ab,a19fa7fe9810aec211bbb1048dc65459,3987664
audio/sound_beta_2/voice/char_472_pasngr_epoque#17.ab,eba6cb21e20f78f5adf8f958027e45fc,3655817
audio/sound_beta_2/voice/char_473_mberry.ab,45b5f1095c253b421036970029ad11d7,3740848
audio/sound_beta_2/voice/char_474_glady.ab,35bc74530f86695f968b149a666c5db7,3800069
audio/sound_beta_2/voice/char_475_akafyu.ab,799374ba3b0076df7774985ef089d0c8,3456529
audio/sound_beta_2/voice/char_476_blkngt.ab,69b789ac015763e1a54fc98cc13c12dd,2486866
audio/sound_beta_2/voice/char_478_kirara.ab,5182bfc165253931add4039f1bcd657b,2156469
audio/sound_beta_2/voice/char_479_sleach.ab,94b6a617fa1c3c173381563910d93d4f,2418929
audio/sound_beta_2/voice/char_484_robrta.ab,aea28ab51411e1dfc17a7d0182450761,2855056
audio/sound_beta_2/voice/char_485_pallas.ab,529fc136abdcfa1fad229b42d773994c,2917822
audio/sound_beta_2/voice/char_486_takila.ab,8db0e52adb6123cfae945141752dbd4c,2188423
audio/sound_beta_2/voice/char_487_bobb.ab,ea4bca5b37e5e326cf57b65dd58b250c,3178810
audio/sound_beta_2/voice/char_488_buildr.ab,863776bf1fc3db069fcaddc4851bd03c,2741431
audio/sound_beta_2/voice/char_489_serum.ab,db6534482e92781b135d1c168ecdb2aa,3442288
audio/sound_beta_2/voice/char_491_humus.ab,e818162a7c71d5e997e596b7afbab168,2675712
audio/sound_beta_2/voice/char_492_quercu.ab,166fdd74a04ca1440a106e16e13629ae,2985413
audio/sound_beta_2/voice/char_493_firwhl.ab,9bd4c5d2ef4a2d96a58e61e0116c1be8,2804628
audio/sound_beta_2/voice/char_494_vendla.ab,8c1e7d0d70f4ae31b8e02f75926d2b17,3968232
audio/sound_beta_2/voice/char_496_wildmn.ab,0ecab532cc5b2fa060d8e74c875ac20d,2464272
audio/sound_beta_2/voice/char_497_ctable.ab,f6613500c46e33e95cf2076c81d4738d,2342255
audio/sound_beta_2/voice/char_498_inside.ab,ff0993de3ff0da36e12c14d0d1f9034a,2604092
audio/sound_beta_2/voice/char_499_kaitou.ab,d5a1da7fcb92988a617a648da9fd50ff,3084602
audio/sound_beta_2/voice/char_500_noirc.ab,b676254f85e6e811b671890d8f2a2bf4,1780626
audio/sound_beta_2/voice/char_501_durin.ab,3b75599592795978444c34710885e0cb,2077050
audio/sound_beta_2/voice/char_502_nblade.ab,d7aea1edbc3d7c244f5ae1e876482b3a,1257315
audio/sound_beta_2/voice/char_503_rang.ab,88492edcacbbc885a833d06a5f15bab3,2100248
audio/sound_beta_2/voice/char_508_aguard.ab,362f320466f1349d6dad9932cd7cc7bb,180713
audio/sound_beta_2/voice/char_509_acast.ab,5801d5450cca4fdc41722652a194ca7c,395518
audio/sound_beta_2/voice/char_510_amedic.ab,50b89fe095be1734df5c819a58826771,256201
audio/sound_beta_2/voice/char_511_asnipe.ab,58dc794d5422a2e3eb5d5e60138d098a,266910
audio/sound_beta_2/voice/char_513_apionr.ab,3d80b8142646b4e2c946aa7d1874dbb5,275525
audio/sound_beta_2/voice/extra_0.ab,c9d6503bbef7906fcf56d590ea44a64c,3315168
audio/sound_beta_2/voice/extra_1.ab,61864ad97a328a1a94b5f94b3e11757f,3564538
audio/sound_beta_2/voice/extra_10.ab,ed1a3c33d552318932bf4e47a6536c1f,3698758
audio/sound_beta_2/voice/extra_11.ab,286f77df3d5b269a0dd9bbcf3d9b470f,3810181
audio/sound_beta_2/voice/extra_12.ab,ca159ed8c28d85ae3a52a52975a35638,3221938
audio/sound_beta_2/voice/extra_13.ab,d1063002c6d67398f4b8aa21cda01923,3634792
audio/sound_beta_2/voice/extra_14.ab,d1d920b4b545ac185e100851ae4ee883,4296102
audio/sound_beta_2/voice/extra_15.ab,128b9d9a10492a542a0eb1ed1e7c6d28,3632962
audio/sound_beta_2/voice/extra_16.ab,ef6051e740120449807b2913a045012f,3788696
audio/sound_beta_2/voice/extra_17.ab,4536e82ebba8814984da683a38d8ace2,3469933
audio/sound_beta_2/voice/extra_18.ab,ae4714fd70683e97db4ecd096cb54850,3614971
audio/sound_beta_2/voice/extra_19.ab,7fe276b1f936d940380fb95b6da76034,3280520
audio/sound_beta_2/voice/extra_2.ab,bb0431e9f7d134cfa40eeba0e5cb3962,3768157
audio/sound_beta_2/voice/extra_20.ab,b59f7dfae35e15de3430d63133fbbddf,3267118
audio/sound_beta_2/voice/extra_21.ab,199cf9891f9fc0495af0afe18a920fe1,3840767
audio/sound_beta_2/voice/extra_22.ab,a032b56971218cffad693e51306811f9,3945458
audio/sound_beta_2/voice/extra_23.ab,d588d0a0dee97d352446cdbf0bb3e63a,3411282
audio/sound_beta_2/voice/extra_24.ab,bf1430563fd5d6da05afa4e3fd2b4f54,3727826
audio/sound_beta_2/voice/extra_25.ab,66b1074e0663c34587d454493ce737c1,3850943
audio/sound_beta_2/voice/extra_26.ab,40b8aa58a4a8a790c072744a1ca097bf,3889846
audio/sound_beta_2/voice/extra_27.ab,29566001fdd4dc4944ab390c949473d8,3898571
audio/sound_beta_2/voice/extra_28.ab,e7d7b5930892ad00da111523c150b62f,3700915
audio/sound_beta_2/voice/extra_29.ab,e0c388702797db60cf01a8498b8f597d,3434315
audio/sound_beta_2/voice/extra_3.ab,f2cb5fb369be09c199c79497ab6881a4,3473364
audio/sound_beta_2/voice/extra_30.ab,18f1e0863dac277302890249aaa2a35d,4021963
audio/sound_beta_2/voice/extra_31.ab,f0ab1a5e7bf289160b3a7d3528c14f18,3425794
audio/sound_beta_2/voice/extra_32.ab,9827ec5ea0764eb3fa7e6460a4a7ae64,3572480
audio/sound_beta_2/voice/extra_33.ab,c44f9f9f721861ad3aaac8f77caf2f65,3373547
audio/sound_beta_2/voice/extra_34.ab,41303b81d4da349d427addf77923015d,3589491
audio/sound_beta_2/voice/extra_35.ab,1d9e035af86bd2612b07447c48d41df5,3435171
audio/sound_beta_2/voice/extra_36.ab,e64cf9893fbbe7937ff8ade287282c93,3786430
audio/sound_beta_2/voice/extra_37.ab,baa88b3aa7b3d09489b2a054eaa094ca,3492344
audio/sound_beta_2/voice/extra_38.ab,cceaf01c1890463f4d4746c2138fb307,3452712
audio/sound_beta_2/voice/extra_39.ab,e764f32849c3ced25acec335f8db539d,3160157
audio/sound_beta_2/voice/extra_4.ab,5166356d00373dc397774a91ca96dc5a,3726891
audio/sound_beta_2/voice/extra_40.ab,3733ad9eee8c387bdf7ddbff49701c7e,3939881
audio/sound_beta_2/voice/extra_41.ab,7de18e1b7b8add046f62b96f25b3a042,3604810
audio/sound_beta_2/voice/extra_42.ab,c612cb7accef36fe98239fb6d202e65b,3798596
audio/sound_beta_2/voice/extra_43.ab,1ca704cf155581ae5448e32959dfde17,3946273
audio/sound_beta_2/voice/extra_44.ab,bd7946906370bdbee38fa26775da3251,4166468
audio/sound_beta_2/voice/extra_45.ab,cb956f3d799dc0ef3f16d946caf3a136,3204575
audio/sound_beta_2/voice/extra_46.ab,249f9eb567d38562d62a099756cb8460,4014503
audio/sound_beta_2/voice/extra_47.ab,807939eeae267ad71f5cab3c65ba5e6b,4186915
audio/sound_beta_2/voice/extra_48.ab,86a7b5ab0b86caeabaad58dce196311d,3839474
audio/sound_beta_2/voice/extra_49.ab,363c7fd1550e29b98d648e517f4c60eb,3807713
audio/sound_beta_2/voice/extra_5.ab,ba0319a473e896f21288c715bbddbedf,3452142
audio/sound_beta_2/voice/extra_50.ab,a626627dbc5c6ce272e146cf888a97f9,3229172
audio/sound_beta_2/voice/extra_6.ab,01d9817d9646a85c3d632b7b7f4c5ad0,4022318
audio/sound_beta_2/voice/extra_7.ab,ace9ec0a4ca7c474256a3e6607355532,3293858
audio/sound_beta_2/voice/extra_8.ab,c4d2018a88969b89971856a4edda36c6,3782582
audio/sound_beta_2/voice/extra_9.ab,a6cf2b425f6890714b8d8ee68557c591,3411933
audio/sound_beta_2/voice_cn/char_002_amiya.ab,54237a14f5ee65861c4b01ecd9d5df26,1463913
audio/sound_beta_2/voice_cn/char_003_kalts.ab,740764e2e8af7eccd3cdc0f88ee2fae1,1696818
audio/sound_beta_2/voice_cn/char_003_kalts_boc#6.ab,b6758e1529ed99cfca918f758f2f1284,1966918
audio/sound_beta_2/voice_cn/char_009_12fce.ab,607dbf610cd0c151b4a28df7d9ab20d0,1457807
audio/sound_beta_2/voice_cn/char_010_chen.ab,f9c8599ecb17bd3a4ad6bf69a31339f5,1156400
audio/sound_beta_2/voice_cn/char_017_huang.ab,95db7d563814f820ecafb64e4a3c104e,2092537
audio/sound_beta_2/voice_cn/char_1001_amiya2.ab,06c292c8c136a499931a5bbba31f85c8,2461094
audio/sound_beta_2/voice_cn/char_1011_lava2.ab,fbecba6cb750a769661aef8f8e32ad53,2139282
audio/sound_beta_2/voice_cn/char_1012_skadi2.ab,10d52e57fec66e1d400042c42d9e3481,5912887
audio/sound_beta_2/voice_cn/char_1012_skadi2_iteration#2.ab,2944e132d4beb42469c9496d96960822,6067799
audio/sound_beta_2/voice_cn/char_1013_chen2.ab,8ce9d39d26f21b66b76548d320421300,1618284
audio/sound_beta_2/voice_cn/char_1014_nearl2.ab,48a5624e262245ef1ee2b605decde7db,2293780
audio/sound_beta_2/voice_cn/char_1016_agoat2.ab,027cb862befafed8e554329bafbb60f7,2751716
audio/sound_beta_2/voice_cn/char_1016_agoat2_epoque#34.ab,58afaa2ba267f3d57d8f2e4080daa58b,2201107
audio/sound_beta_2/voice_cn/char_1019_siege2.ab,8ebb1a57d8be120e74601e7681486325,2134284
audio/sound_beta_2/voice_cn/char_101_sora.ab,410e0c37b011fbf996d5592a8742f3be,1845604
audio/sound_beta_2/voice_cn/char_1020_reed2.ab,cb4880d91dd78e7a761951bd81562b60,2520668
audio/sound_beta_2/voice_cn/char_1021_kroos2.ab,ca01238fb4d221edfa69c0ed0a6a3f7f,2203950
audio/sound_beta_2/voice_cn/char_1022_flwr2.ab,d9e5a02177a8a6346ea95352bbfcf384,2366415
audio/sound_beta_2/voice_cn/char_1023_ghost2.ab,f45664e77466b87f3d2d562e1e4ffd30,2645912
audio/sound_beta_2/voice_cn/char_1024_hbisc2.ab,02e6c4c354903d4c92625d8eee12ca1e,2463857
audio/sound_beta_2/voice_cn/char_1026_gvial2.ab,4adce8711bdec1e8554bb7253a454f98,2011236
audio/sound_beta_2/voice_cn/char_1027_greyy2.ab,1dca4ce097044dbbb3402a84e5ca2a5e,2335397
audio/sound_beta_2/voice_cn/char_1028_texas2.ab,8cb5af29b347b50db7415f660f96a1a6,2269274
audio/sound_beta_2/voice_cn/char_1029_yato2.ab,0efc04656f250efdeae99c346e75b13a,1731218
audio/sound_beta_2/voice_cn/char_102_texas.ab,758484834dac157fe77473ddd0e7a7fe,857233
audio/sound_beta_2/voice_cn/char_1030_noirc2.ab,97f5724d65e511daf3577fe1935fc899,1919351
audio/sound_beta_2/voice_cn/char_1031_slent2.ab,627ea71ba7ee440c5db5884cd95df041,1657524
audio/sound_beta_2/voice_cn/char_1032_excu2.ab,a40ccd3156bb56be6cf727a3d453641f,2041272
audio/sound_beta_2/voice_cn/char_1032_excu2_sale#12.ab,56ac368c6cbe0d81a505be320d0ff3c1,1493708
audio/sound_beta_2/voice_cn/char_1033_swire2.ab,318ab5a081a5717b6dfb8fc93be1decf,2155545
audio/sound_beta_2/voice_cn/char_1034_jesca2.ab,6a275606578c6c3123a983feafe0386d,2654322
audio/sound_beta_2/voice_cn/char_1035_wisdel.ab,c9c2e97e0e633c29acb40c9e4f0b1233,2389088
audio/sound_beta_2/voice_cn/char_1035_wisdel_sale#14.ab,3573c68b80aca32d378a4b1ce43c4c19,2231003
audio/sound_beta_2/voice_cn/char_1036_fang2.ab,f3991a7bd9c487f92f0b51618ebae6a3,1319811
audio/sound_beta_2/voice_cn/char_1037_amiya3.ab,a0dbdbc50f66e9c0ad0612e7235a5bbf,1497083
audio/sound_beta_2/voice_cn/char_1038_whitw2.ab,b8767154ab4625d7f2089b7a62c029a5,2145436
audio/sound_beta_2/voice_cn/char_1038_whitw2_sale#15.ab,56f23b83602c1688e2045d9ec0e870fd,2256446
audio/sound_beta_2/voice_cn/char_1039_thorn2.ab,c84d779456c470d2a86547eb91967af8,1957640
audio/sound_beta_2/voice_cn/char_103_angel.ab,fd36ffad15078ca8fb688976dbdb611c,1294059
audio/sound_beta_2/voice_cn/char_1040_blaze2.ab,f3d670ecf8b5564fa1cf8f03a5b0f67d,2525898
audio/sound_beta_2/voice_cn/char_1041_angel2.ab,df17952a0befb191f7af709bec43c191,2044508
audio/sound_beta_2/voice_cn/char_1042_phatm2.ab,5d294786b58d467c5a05c49c0b0ef5d8,2235913
audio/sound_beta_2/voice_cn/char_1043_leizi2.ab,da06f8be203fea2ec6f400c39d7d8ae5,2041489
audio/sound_beta_2/voice_cn/char_1044_hsgma2.ab,ea8d41470420c1ac319aa6e2f7876c5f,1995721
audio/sound_beta_2/voice_cn/char_1045_svash2.ab,fe70e611dec03573bf2169e1eb85b6d1,2339995
audio/sound_beta_2/voice_cn/char_1046_sbell2.ab,1c9d1a23ca8f14725e5106833ce1b418,2810348
audio/sound_beta_2/voice_cn/char_1047_halo2.ab,bc603bd8366b69ecb1fc4cc8b767c09d,1996166
audio/sound_beta_2/voice_cn/char_1050_chen3.ab,ca02b9ca011ff53af9844122673e59eb,1966793
audio/sound_beta_2/voice_cn/char_106_franka.ab,e5cd31707cb14d9275242100af9b2330,1396570
audio/sound_beta_2/voice_cn/char_107_liskam.ab,5958b9490a16ba9c1ceac4279bc634dd,1144829
audio/sound_beta_2/voice_cn/char_108_silent.ab,d2f278184a44b010b1f79fb1f98393e7,1330547
audio/sound_beta_2/voice_cn/char_109_fmout.ab,cd3a4ae7b3d1f24ae4dc04b68047dea1,1300079
audio/sound_beta_2/voice_cn/char_110_deepcl.ab,2b720351d94e858d9e773b5517bc13d9,1288000
audio/sound_beta_2/voice_cn/char_112_siege.ab,784e53b50b18e499114b5167d14a341e,1189063
audio/sound_beta_2/voice_cn/char_113_cqbw.ab,7ebb85a29a37be4e6f4a6c832d671cb6,2725290
audio/sound_beta_2/voice_cn/char_113_cqbw_epoque#7.ab,782d1a34082c1db99f376a4e785f8f19,2346761
audio/sound_beta_2/voice_cn/char_115_headbr.ab,b8480dc7bfe74eb21727b940bda994ea,1215348
audio/sound_beta_2/voice_cn/char_117_myrrh.ab,e8151101e51535baf159770d09d531ed,1857939
audio/sound_beta_2/voice_cn/char_118_yuki.ab,8334572bb13c98c2bcb6514125bdeff3,566036
audio/sound_beta_2/voice_cn/char_120_hibisc.ab,93398caf46c60025c4861b77546d9c19,1476540
audio/sound_beta_2/voice_cn/char_121_lava.ab,ec3b8fe825aa38340cac60bdddda8dc6,1358962
audio/sound_beta_2/voice_cn/char_122_beagle.ab,77b588cdfa41b7351afa68b43dccdcdf,1479132
audio/sound_beta_2/voice_cn/char_123_fang.ab,9569fa54651ed7630905871639b1f59b,1002085
audio/sound_beta_2/voice_cn/char_124_kroos.ab,474e03187e4f8660c04643df886c1d40,2000073
audio/sound_beta_2/voice_cn/char_126_shotst.ab,d18ef4e587f1e84b325a79e02b5bb1ef,1090765
audio/sound_beta_2/voice_cn/char_127_estell.ab,16f7d0a7a2c2ae09a636263b14596bc0,1465480
audio/sound_beta_2/voice_cn/char_128_plosis.ab,5274bdb626902f198684739ad4135a75,1504574
audio/sound_beta_2/voice_cn/char_129_bluep.ab,333821a572c6463f063732c8801e8fac,2008272
audio/sound_beta_2/voice_cn/char_130_doberm.ab,26ec3374bbb429b3bcf72e3ee4246abb,1264857
audio/sound_beta_2/voice_cn/char_131_flameb.ab,45197a2a65c4ca5f16b7bdfdfe7cc4e5,2238734
audio/sound_beta_2/voice_cn/char_133_mm.ab,83e3c476f9fd78ce9c71b26fe7912f72,1430847
audio/sound_beta_2/voice_cn/char_134_ifrit.ab,7cbfa8bd7ac856f8e6d925b6f625faff,1509514
audio/sound_beta_2/voice_cn/char_135_halo.ab,506589e5826ead1eb23094a35ccc8b69,1789103
audio/sound_beta_2/voice_cn/char_136_hsguma.ab,53662069c711e89dbce1ed2685d16eec,1031112
audio/sound_beta_2/voice_cn/char_137_brownb.ab,3c850dc62f9f9044462a00652676a2b4,1277831
audio/sound_beta_2/voice_cn/char_140_whitew.ab,13a618a36d378a3937f876de1a94fd34,1839835
audio/sound_beta_2/voice_cn/char_141_nights.ab,6f5628fdc3f6c3fbd7ba4dd9f01b4211,1506113
audio/sound_beta_2/voice_cn/char_143_ghost.ab,d39b14d37e96edbb5c1b342bee44af6f,1919040
audio/sound_beta_2/voice_cn/char_144_red.ab,3804919567476ae31ff60c684a6a5229,856697
audio/sound_beta_2/voice_cn/char_145_prove.ab,2bdeddafd20517b1a577f04633699b27,1302329
audio/sound_beta_2/voice_cn/char_147_shining.ab,bcab02277bf7b6819290bb8f210b64c3,1728243
audio/sound_beta_2/voice_cn/char_148_nearl.ab,e5670febb441f41267811a7ba6ca60b2,1259812
audio/sound_beta_2/voice_cn/char_149_scave.ab,f6ef68ff66205695978c20972326e146,1270979
audio/sound_beta_2/voice_cn/char_1502_crosly.ab,3f48cfdcad7f071d9c8899fbe358b9dd,1620787
audio/sound_beta_2/voice_cn/char_150_snakek.ab,0176891cf8360f3dfdb147d7254b0ab7,1187857
audio/sound_beta_2/voice_cn/char_151_myrtle.ab,32d6d99812f9e5eb11c1e0b5bb334b4d,1778022
audio/sound_beta_2/voice_cn/char_154_morgan.ab,205998c124a63aaa6c872340679139d8,2319405
audio/sound_beta_2/voice_cn/char_155_tiger.ab,1bd2da5a374b22b2d0c32599b9315b0c,1039923
audio/sound_beta_2/voice_cn/char_157_dagda.ab,ea699bd89df30da97ab8d2a77c50140f,2164879
audio/sound_beta_2/voice_cn/char_158_milu.ab,4f4e26c4f575bdb1903586744448b4ba,904382
audio/sound_beta_2/voice_cn/char_159_peacok.ab,402df41aa23c7b379717b54067490b15,1674388
audio/sound_beta_2/voice_cn/char_163_hpsts.ab,0ec14158bcd029969ccdfb8bfc2ccafb,972647
audio/sound_beta_2/voice_cn/char_164_nightm.ab,181ed8145b1e1825a63cd9fd6c65028a,1891448
audio/sound_beta_2/voice_cn/char_166_skfire.ab,a5856b8f114fd249ac9b12aece23e6b4,1542641
audio/sound_beta_2/voice_cn/char_171_bldsk.ab,c61a1da89cd81ea210d5b0c780155091,1960077
audio/sound_beta_2/voice_cn/char_172_svrash.ab,1c8ecc67defe2bbb2aade9565be41b83,2176363
audio/sound_beta_2/voice_cn/char_173_slchan.ab,184728d1d90f4b3ee378bee58fa6271b,1492730
audio/sound_beta_2/voice_cn/char_174_slbell.ab,e3084f1d8bfb94915cc3288e6dd82c59,1725880
audio/sound_beta_2/voice_cn/char_179_cgbird.ab,db03f0c743290e19a45075ccdf80581e,1733514
audio/sound_beta_2/voice_cn/char_180_amgoat.ab,79c162489c9f4d79a81ee6134c43da55,1668475
audio/sound_beta_2/voice_cn/char_181_flower.ab,81fe41765564e33135f6d63c4376900e,1316474
audio/sound_beta_2/voice_cn/char_183_skgoat.ab,854f7f994327ed1e2a44b24ddb5eb6e1,1323118
audio/sound_beta_2/voice_cn/char_185_frncat.ab,9f388fd84c08ab4d2556b7166fb6f16d,1676378
audio/sound_beta_2/voice_cn/char_187_ccheal.ab,ba07d7cd101e168b28b66b6033ce9302,1186778
audio/sound_beta_2/voice_cn/char_188_helage.ab,dad377b4cd7680c4b9180cc6a8925e50,2191646
audio/sound_beta_2/voice_cn/char_190_clour.ab,ed4f6f90355aa4432e2e9db9128c373a,1432991
audio/sound_beta_2/voice_cn/char_192_falco.ab,abff33a459576dd895c274187e59f84a,1008479
audio/sound_beta_2/voice_cn/char_193_frostl.ab,3aab17ed54ac2294f333e29cb9424d33,913076
audio/sound_beta_2/voice_cn/char_194_leto.ab,03ddf774f0927f921cfd4d511393dba0,1606017
audio/sound_beta_2/voice_cn/char_195_glassb.ab,8108b6b42045aeb428532ba864f848ab,1532057
audio/sound_beta_2/voice_cn/char_196_sunbr.ab,7247751b7e0bdaed44c4810b54680e50,1779169
audio/sound_beta_2/voice_cn/char_197_poca.ab,b2611ad80f40852d7ba0ebda5cff31d6,1596566
audio/sound_beta_2/voice_cn/char_198_blackd.ab,8424074a96fb7896634f3d5a77f86f49,1282672
audio/sound_beta_2/voice_cn/char_199_yak.ab,17f96db867515a2f9148a7a070518852,1078147
audio/sound_beta_2/voice_cn/char_2012_typhon.ab,aee2024774c48c0154e9b6a5752f61c2,2415633
audio/sound_beta_2/voice_cn/char_2013_cerber.ab,d765ec861e8167d15c3a775ee4e0940c,1128196
audio/sound_beta_2/voice_cn/char_2014_nian.ab,b35427a603f6e4ab98a25f6b11bcf6ad,2338724
audio/sound_beta_2/voice_cn/char_2015_dusk.ab,8265351042ed3b7f94052560f5f2babe,2561014
audio/sound_beta_2/voice_cn/char_201_moeshd.ab,6ee3cae90153cb0ec4bc252f71bf1d8c,1281597
audio/sound_beta_2/voice_cn/char_2023_ling.ab,f024f04a3658d51108f0a532f8776e9c,2522758
audio/sound_beta_2/voice_cn/char_2023_ling_nian#12.ab,6ffed9e1e9a45df419c9e7332caa5eed,2341910
audio/sound_beta_2/voice_cn/char_2024_chyue.ab,73d066b428e124c589d06056295d8230,3130635
audio/sound_beta_2/voice_cn/char_2024_chyue_cfa#1.ab,5524dc96ab5e6333703ca294841bb2b9,1830245
audio/sound_beta_2/voice_cn/char_2025_shu.ab,18b0f3b3974793500780780b78655278,1886476
audio/sound_beta_2/voice_cn/char_2026_yu.ab,08540cb8201a1a305209242a0a3173e0,2417462
audio/sound_beta_2/voice_cn/char_2027_wang.ab,34cd5fc94a346ca9199f33cd25bd9152,2412403
audio/sound_beta_2/voice_cn/char_202_demkni.ab,ef3a239504b4ab0ef1e36e5ed5a7831e,1563602
audio/sound_beta_2/voice_cn/char_204_platnm.ab,9651d31d499bb7b67c26adf6f17407e7,1686226
audio/sound_beta_2/voice_cn/char_206_gnosis.ab,ba39752df189fb8b5a0ec9e1d6d9b225,1670170
audio/sound_beta_2/voice_cn/char_208_melan.ab,f386f4900a3cbd7cabae0f7528aab74a,1312929
audio/sound_beta_2/voice_cn/char_209_ardign.ab,2b2ed54fb5500711b9345ad46d9d0984,1427040
audio/sound_beta_2/voice_cn/char_210_stward.ab,f37a8f4ed81fe1f9cfa40d240b9583ba,1310639
audio/sound_beta_2/voice_cn/char_211_adnach.ab,5124e54a110cab04ee4ae7088cba53d1,1162955
audio/sound_beta_2/voice_cn/char_212_ansel.ab,9cf34ff2950c76192e2554a30dff4317,1394107
audio/sound_beta_2/voice_cn/char_213_mostma.ab,1f4e1391b1c5a995389eac97c4792edc,1385155
audio/sound_beta_2/voice_cn/char_214_kafka.ab,c6a2889ead68d80603c7cef035e555b4,1660912
audio/sound_beta_2/voice_cn/char_215_mantic.ab,df59e505de5cea64bd324fd0fbe8e07a,1658036
audio/sound_beta_2/voice_cn/char_218_cuttle.ab,8c92ab011461bdbac830dd9cb0dc6f13,1785882
audio/sound_beta_2/voice_cn/char_219_meteo.ab,da7612acce81a6bccac8f2e7c6233bd1,1294787
audio/sound_beta_2/voice_cn/char_220_grani.ab,062615aa7a3f478c51d52f7ac7e5f240,1585073
audio/sound_beta_2/voice_cn/char_222_bpipe.ab,bf1ba00c4a48addb4b2a87cdb8bc98fb,2199507
audio/sound_beta_2/voice_cn/char_225_haak.ab,78d4ec4b8e26f0a056a83b11ce67df3b,2072983
audio/sound_beta_2/voice_cn/char_226_hmau.ab,ecf33a1986bf75bcbe3033991fb4c854,1357537
audio/sound_beta_2/voice_cn/char_230_savage.ab,1498d5fdf6c1ec05f33df3f70a169aa3,1418387
audio/sound_beta_2/voice_cn/char_235_jesica.ab,e9a3f443f33c334283cd10a98d31ada0,1486848
audio/sound_beta_2/voice_cn/char_236_rope.ab,c31a7dca124521a685f408f4ed57b2ab,1860971
audio/sound_beta_2/voice_cn/char_237_gravel.ab,41040843f59a83d6b3f92746419ea086,1395728
audio/sound_beta_2/voice_cn/char_240_wyvern.ab,0201137784f8a7d4bdd84bcd06eb073f,1090524
audio/sound_beta_2/voice_cn/char_241_panda.ab,2082d8de9be91a9d68071e43e7566ef8,1534025
audio/sound_beta_2/voice_cn/char_242_otter.ab,fec3acd15b66f1b74ca6dd689953dff6,1533891
audio/sound_beta_2/voice_cn/char_243_waaifu.ab,90074b31d0068db1eff8f924bf3c7588,1993438
audio/sound_beta_2/voice_cn/char_245_cello.ab,c257e2f205afa1e049fc109f9459fba6,2263443
audio/sound_beta_2/voice_cn/char_245_cello_sale#12.ab,5b2c5641476d05cfab0afb6a054ef2f8,1723135
audio/sound_beta_2/voice_cn/char_248_mgllan.ab,16624e13724ec3b0de30db304a29fb8f,1891845
audio/sound_beta_2/voice_cn/char_249_mlyss.ab,e5f14bc0dbfcaa975ed410126eec19ec,1798278
audio/sound_beta_2/voice_cn/char_249_mlyss_boc#8.ab,79f781adcb672f98875740b4e59cef56,1896459
audio/sound_beta_2/voice_cn/char_250_phatom.ab,694ba0e53d6e19ef2ac31d3b533d6a45,2359074
audio/sound_beta_2/voice_cn/char_252_bibeak.ab,ef8e1ee018b1207ab39f6de94e2dfce9,2146926
audio/sound_beta_2/voice_cn/char_253_greyy.ab,598ee5df24fae809c3c5b1f1ec786386,1831942
audio/sound_beta_2/voice_cn/char_254_vodfox.ab,a5e93f4d88801ce1686c7b532d8bbd2e,1436736
audio/sound_beta_2/voice_cn/char_258_podego.ab,24441556c8a6ccb2dd4ae946580e7841,1394083
audio/sound_beta_2/voice_cn/char_260_durnar.ab,6660fe1be04633b462bf7f315b3d9bd2,1451587
audio/sound_beta_2/voice_cn/char_261_sddrag.ab,06f864979a31bc4ba464dfbad9cff61a,2045216
audio/sound_beta_2/voice_cn/char_263_skadi.ab,7323c85ba7d8a9f56b17468175aaa669,1650510
audio/sound_beta_2/voice_cn/char_264_f12yin.ab,d28d302aee930b81a520941387ef1de4,2090123
audio/sound_beta_2/voice_cn/char_265_sophia.ab,0bbf1dc114bc648dd62dc15e33c9b8ae,1573283
audio/sound_beta_2/voice_cn/char_271_spikes.ab,b31d551dbd9e57b51ac23f3b90041da7,1890138
audio/sound_beta_2/voice_cn/char_272_strong.ab,bdcedff0911aafb8716708338c8c9a28,1262133
audio/sound_beta_2/voice_cn/char_274_astesi.ab,e0d3d6cc8b106c954e5cfbd779f61711,1702708
audio/sound_beta_2/voice_cn/char_275_breeze.ab,81660ecc8b4c71dfdf04fafb70087aa7,1413359
audio/sound_beta_2/voice_cn/char_277_sqrrel.ab,95982893048e2d2a790109eae00ee4c4,680136
audio/sound_beta_2/voice_cn/char_278_orchid.ab,e91ffb9e648a1302f589bb135334797f,1254326
audio/sound_beta_2/voice_cn/char_279_excu.ab,96adb97809a042d742b6742f87017883,2106161
audio/sound_beta_2/voice_cn/char_281_popka.ab,c70619b238e0d3b3fde83083d090cf52,1859603
audio/sound_beta_2/voice_cn/char_282_catap.ab,814fd408949784b5ec361873ca0986a0,1476042
audio/sound_beta_2/voice_cn/char_283_midn.ab,4e3eecfe8c44b5c39c00d52fe4556182,1443777
audio/sound_beta_2/voice_cn/char_284_spot.ab,b0647e29c81446069682a7eb6d6e6a39,1242925
audio/sound_beta_2/voice_cn/char_285_medic2.ab,dea663425f0a47425b7bd666c2e03f37,1050561
audio/sound_beta_2/voice_cn/char_286_cast3.ab,d4ed5c13492d8c15471866418404bd1f,825559
audio/sound_beta_2/voice_cn/char_289_gyuki.ab,ec69659323ecbd94ea4d1bccae82a4f0,1923779
audio/sound_beta_2/voice_cn/char_290_vigna.ab,5a3b221e8450a32570ac1e144dff2048,1756941
audio/sound_beta_2/voice_cn/char_291_aglina.ab,52407ce7584181beff96c5fcb87a3dcf,1846291
audio/sound_beta_2/voice_cn/char_293_thorns.ab,e2027fb05e374936da28b52b72ac00de,1930812
audio/sound_beta_2/voice_cn/char_294_ayer.ab,a32333b93bb3beb83683cee0177e0c0c,1109369
audio/sound_beta_2/voice_cn/char_297_hamoni.ab,fe6fb495a25493d470ec99a7ba0bb4a8,2007093
audio/sound_beta_2/voice_cn/char_298_susuro.ab,9803dc1172c227d89bc08e63fa9b73cb,2041952
audio/sound_beta_2/voice_cn/char_300_phenxi.ab,a56d14ca9f98cdca4ee0fcb27a1e0f82,2038142
audio/sound_beta_2/voice_cn/char_301_cutter.ab,5519eab362514e0e9a9672eb74867745,2033133
audio/sound_beta_2/voice_cn/char_302_glaze.ab,8acb242b8471c3d2b481ae7650a897a1,2035913
audio/sound_beta_2/voice_cn/char_304_zebra.ab,3a634f1cd417996e5ee8cce12b730dd0,1349605
audio/sound_beta_2/voice_cn/char_306_leizi.ab,cad06038b38cfb137ef77d8939a9726d,2267209
audio/sound_beta_2/voice_cn/char_308_swire.ab,25cedb48f5fa8a47a11f3798f3fb4301,2502255
audio/sound_beta_2/voice_cn/char_311_mudrok#1.ab,bed41f53ece92b56ccdd19cd6473996a,2324085
audio/sound_beta_2/voice_cn/char_311_mudrok.ab,5f578b56f9a543436a0c3a2e1a7c9e26,1799975
audio/sound_beta_2/voice_cn/char_322_lmlee.ab,cfaeb20f26c5d40a7693fa78e7615d19,3081755
audio/sound_beta_2/voice_cn/char_325_bison.ab,cd21f157512ca80d47cb831a9a7df506,1348037
audio/sound_beta_2/voice_cn/char_326_glacus.ab,078d4f434331a2c9b29c269a5145d690,1395920
audio/sound_beta_2/voice_cn/char_328_cammou.ab,4c58207e68d5a46faec3aeccac1e2187,1247741
audio/sound_beta_2/voice_cn/char_332_archet.ab,6d1f652002a792f0d629350b5fd9fe55,2024382
audio/sound_beta_2/voice_cn/char_333_sidero.ab,cab6a0679e63f269208037fdf521d231,1628252
audio/sound_beta_2/voice_cn/char_336_folivo.ab,7994adf5164de4b40977d945713f5e1d,1467806
audio/sound_beta_2/voice_cn/char_337_utage.ab,9bedaaba67885e6c0ff226b0be14cfb1,1460538
audio/sound_beta_2/voice_cn/char_338_iris.ab,acd943484440a2a8ce94683d1995953f,1776956
audio/sound_beta_2/voice_cn/char_340_shwaz.ab,a8b975675e97bf1cda8800cf7ab4534c,1631116
audio/sound_beta_2/voice_cn/char_341_sntlla.ab,3ce8913b926e1ed923557bbc9dc62af1,2030259
audio/sound_beta_2/voice_cn/char_343_tknogi.ab,b67a6b60ef22bbdc0a1642f015bb8416,1853925
audio/sound_beta_2/voice_cn/char_344_beewax.ab,c8d2d92f26a752c43c120bc0b23705d7,2642896
audio/sound_beta_2/voice_cn/char_345_folnic.ab,d37c8759cedd77aa39409f8d44d1bceb,1630480
audio/sound_beta_2/voice_cn/char_346_aosta.ab,4307f6ddda4e5e1ab810ce221044a577,1608215
audio/sound_beta_2/voice_cn/char_347_jaksel.ab,707dffc49a9c6256842ce92f11b931b3,1302952
audio/sound_beta_2/voice_cn/char_348_ceylon.ab,c9f915b2817aada32f753b051e8baf2f,1540932
audio/sound_beta_2/voice_cn/char_349_chiave.ab,3fa976529a4c307b7811423467e3be51,1226418
audio/sound_beta_2/voice_cn/char_350_surtr.ab,2143c5a369dbe32a86aa7299d6f58c5f,1005928
audio/sound_beta_2/voice_cn/char_355_ethan.ab,b7cbd2e0bc1ed1b73c46bf48a8fed339,2497715
audio/sound_beta_2/voice_cn/char_356_broca.ab,861748f7ae116e39c143409a7fb881be,1141739
audio/sound_beta_2/voice_cn/char_358_lisa.ab,200c4fc24a88273e63d73a0c6ed06b3e,2408829
audio/sound_beta_2/voice_cn/char_362_saga.ab,8c483079a9e5bc71b9bbbe1e03955f45,1835080
audio/sound_beta_2/voice_cn/char_363_toddi.ab,724f742564cd3cfb38d63ce5ac456504,1478718
audio/sound_beta_2/voice_cn/char_365_aprl.ab,075ad25ba90c96bb8efe466930fc3fd9,1718321
audio/sound_beta_2/voice_cn/char_366_acdrop.ab,c4b9cdbf3f7ee22db4f4ab3a6d04b105,1454879
audio/sound_beta_2/voice_cn/char_367_swllow.ab,5e8ed89eb598b89193df7550e984c95a,1589949
audio/sound_beta_2/voice_cn/char_369_bena.ab,ce4cdc8fdde80f2d701403bdade0df88,1587315
audio/sound_beta_2/voice_cn/char_373_lionhd.ab,9bc62cfd34c2e61282b07b9e5b2d44ee,2479354
audio/sound_beta_2/voice_cn/char_376_therex.ab,4046cbbdb49ab4da190404082c30cfee,911434
audio/sound_beta_2/voice_cn/char_377_gdglow.ab,4f03a5b6b30917fdc13e658c8100ff3a,1925666
audio/sound_beta_2/voice_cn/char_378_asbest.ab,6799150563c409cc757b3d8836fd6de6,1361876
audio/sound_beta_2/voice_cn/char_379_sesa.ab,569d64e295a1c0bc34bd8a26d674b047,2824996
audio/sound_beta_2/voice_cn/char_381_bubble.ab,7ffd2cf4eff133ef2922fb855651a5ad,1595423
audio/sound_beta_2/voice_cn/char_383_snsant.ab,d5c5e78dd7392cc8657db4a7eec54cf2,2116351
audio/sound_beta_2/voice_cn/char_385_finlpp.ab,112870f790dd19df19732e0ac9aa8fa0,1683678
audio/sound_beta_2/voice_cn/char_388_mint.ab,cdf2a3b243392de0aeda20fc033adc06,1642755
audio/sound_beta_2/voice_cn/char_391_rosmon.ab,47dc323104dfa0b25933dd503bda356f,3490681
audio/sound_beta_2/voice_cn/char_394_hadiya.ab,546e03390ebb03888f27f1a89b0f713f,1392966
audio/sound_beta_2/voice_cn/char_4000_jnight.ab,27f5f69b7cc68fa4d2507cdfd04b445f,1172452
audio/sound_beta_2/voice_cn/char_4004_pudd.ab,8ddf73785b4b55f428ac524446f917ab,2405488
audio/sound_beta_2/voice_cn/char_4006_melnte.ab,fae6c83cf5bfa4d2c29012012e1d1026,2075905
audio/sound_beta_2/voice_cn/char_4009_irene.ab,1c36752bb491cf81a3eb1c88ff919045,2567505
audio/sound_beta_2/voice_cn/char_400_weedy.ab,049dc6e9d87ea1c0ff08f99ffc7bdc50,1162911
audio/sound_beta_2/voice_cn/char_4010_etlchi.ab,1cfdcb614ed203b6ee99963c3eb8ec6f,2877202
audio/sound_beta_2/voice_cn/char_4011_lessng.ab,52e9b420a973a8b96623b3854c4cf860,1890546
audio/sound_beta_2/voice_cn/char_4013_kjera.ab,468cef20742c4f4def94787db0491ea1,1643635
audio/sound_beta_2/voice_cn/char_4014_lunacu.ab,e9aea8147d6ce66aeffa6bf39fe7c2f9,1634803
audio/sound_beta_2/voice_cn/char_4015_spuria.ab,edc9f00f400e71d27a834e2b224e84fc,2129947
audio/sound_beta_2/voice_cn/char_4016_kazema.ab,20afa9c00f4072e4ad93824119d8d428,2014206
audio/sound_beta_2/voice_cn/char_4017_puzzle.ab,7d061453ee8bc91839c59a14e6008c03,2194414
audio/sound_beta_2/voice_cn/char_4019_ncdeer.ab,7ae38fe3e217c2bd584f20558015211f,2173455
audio/sound_beta_2/voice_cn/char_401_elysm.ab,7d98c010e9b4e7f4af1a00f40f006fcb,1768354
audio/sound_beta_2/voice_cn/char_4023_rfalcn.ab,f282cdd29ff651f74a37a7e85d35d2ca,1651952
audio/sound_beta_2/voice_cn/char_4025_aprot2.ab,c5e1a5024127ac4c68bb74c2771cf4fa,2350399
audio/sound_beta_2/voice_cn/char_4026_vulpis.ab,3b70aa9c7fefd69df3e25ec8813eeebe,1559846
audio/sound_beta_2/voice_cn/char_4027_heyak.ab,7a20e4b6ffff7f2bdf4d78ac385d6f5d,2494319
audio/sound_beta_2/voice_cn/char_402_tuye.ab,d89fbd7ac2158e0f9e6f33c410fec187,1500061
audio/sound_beta_2/voice_cn/char_4031_liesel.ab,729b3cc81ddd79067b3835f28a18819f,2050960
audio/sound_beta_2/voice_cn/char_4032_provs.ab,8a86e7ad27e259cd95061b9198203aa5,2079175
audio/sound_beta_2/voice_cn/char_4036_forcer.ab,1b99c3154e12baabebdcbf204fcfc6f3,2130111
audio/sound_beta_2/voice_cn/char_4037_demetr.ab,0d11d9c0258e3590d85e5f9e3c4729dd,2048589
audio/sound_beta_2/voice_cn/char_4039_horn.ab,ab3838446f50ca1fc9b9e611c0bc5ff3,2253065
audio/sound_beta_2/voice_cn/char_4040_rockr.ab,79c49a2bed46be9f03356e154a24e484,2143204
audio/sound_beta_2/voice_cn/char_4041_chnut.ab,d5c9b7e0dba5e9dff8606dbfe8701cec,1786176
audio/sound_beta_2/voice_cn/char_4042_lumen.ab,9dae00b02077b4a9ff489dad6eeeb630,2218192
audio/sound_beta_2/voice_cn/char_4043_erato.ab,1da2b5877ae720b7da66d8b7244c4f19,2295656
audio/sound_beta_2/voice_cn/char_4045_heidi.ab,4610b9f933c02742c9c8decdb3c7b11e,1813567
audio/sound_beta_2/voice_cn/char_4046_ebnhlz.ab,23c0c70d53920bec5e32f5a376266a02,3265674
audio/sound_beta_2/voice_cn/char_4047_pianst.ab,80cb403ab71ac200c2b45b4f0b2c8ee2,2659075
audio/sound_beta_2/voice_cn/char_4048_doroth.ab,33d4cf12e5b680c39520bb4800e89d17,2456367
audio/sound_beta_2/voice_cn/char_4051_akkord.ab,82b3a0e4d530fc709e92ff3908aba6a7,1596904
audio/sound_beta_2/voice_cn/char_4052_surfer.ab,cce01f0c9f76bd851d77055c38b15db7,2566807
audio/sound_beta_2/voice_cn/char_4054_malist.ab,3e1dcee5b15992ee8727e97d34cf80ce,1920904
audio/sound_beta_2/voice_cn/char_4055_bgsnow.ab,36ab9eb59c1f1a832321e0dc592c34e4,2496383
audio/sound_beta_2/voice_cn/char_4056_titi.ab,716c105848014c1e5c436194dd2183fa,2499528
audio/sound_beta_2/voice_cn/char_4058_pepe.ab,9dc5f3dd6cd41bbe6ddf1493c9d2c1f6,2238263
audio/sound_beta_2/voice_cn/char_405_absin.ab,a627fe0290bc02a860365c88725e7677,1568057
audio/sound_beta_2/voice_cn/char_4062_totter.ab,957216ce44026a97fdcf8e3543254a35,1692053
audio/sound_beta_2/voice_cn/char_4063_quartz.ab,806bb57744928d2cecda0b2397fe3126,1744603
audio/sound_beta_2/voice_cn/char_4064_mlynar.ab,2aeecef193e6a10f19f4cf92fb634d40,2383157
audio/sound_beta_2/voice_cn/char_4064_mlynar_epoque#28.ab,1ad77daf048cb805de8d32a5c2c68149,2215311
audio/sound_beta_2/voice_cn/char_4065_judge.ab,c9e104c2d600919f4a320c7b7c8384cb,2881477
audio/sound_beta_2/voice_cn/char_4066_highmo.ab,6913804512cff1c519cd14c0ee351823,1973722
audio/sound_beta_2/voice_cn/char_4067_lolxh#1.ab,d9ad5bb43003d47f0e5d095266e8eac5,1223530
audio/sound_beta_2/voice_cn/char_4067_lolxh.ab,5a08c5fc2f6f26b5fa8f307848ad361c,539971
audio/sound_beta_2/voice_cn/char_4071_peper.ab,a3959de60fc5d353e004d1a7821a7cf6,2212956
audio/sound_beta_2/voice_cn/char_4072_ironmn.ab,d88ace74530879ef4c0dabbf2729bcda,2622277
audio/sound_beta_2/voice_cn/char_4078_bdhkgt.ab,8634fb384fe27f5b8fd54a652669c1b8,1865940
audio/sound_beta_2/voice_cn/char_4079_haini.ab,5d849140ac83206d8ed514aef5ed82ed,2081460
audio/sound_beta_2/voice_cn/char_4080_lin.ab,8dd66f8135d37919caecb6e8150ab3fc,2072196
audio/sound_beta_2/voice_cn/char_4081_warmy.ab,c73ebf013d322435be1fc049478cb069,1811327
audio/sound_beta_2/voice_cn/char_4082_qiubai.ab,22fba7ec1fc21719060b4effd24e1e7d,2711694
audio/sound_beta_2/voice_cn/char_4083_chimes.ab,3e1c19ca3592bc205643a72e84426cfc,1823973
audio/sound_beta_2/voice_cn/char_4087_ines.ab,0820ea4ccb9535e53b0d1d7711184182,1998465
audio/sound_beta_2/voice_cn/char_4088_hodrer.ab,f26d30af7b5ec33b15bf557415c98d2c,2791623
audio/sound_beta_2/voice_cn/char_4091_ulika.ab,260cbc254e637f5b8dbd1aa0c63e0e4e,1956856
audio/sound_beta_2/voice_cn/char_4093_frston.ab,5212b39b9842f26924b07403936d5ba8,1398105
audio/sound_beta_2/voice_cn/char_4098_vvana.ab,d8e8c98498b3bf2892309721b263059b,2517583
audio/sound_beta_2/voice_cn/char_4100_caper.ab,8fe443afe6a102c268c988d92df36a6f,1983591
audio/sound_beta_2/voice_cn/char_4102_threye.ab,648b75e9bbfb916aa00bd0b1966264da,2607454
audio/sound_beta_2/voice_cn/char_4104_coldst.ab,bed0f3e069e7a4994084d8a1c0863e71,2335059
audio/sound_beta_2/voice_cn/char_4105_almond.ab,58b1abc64c459171b37898d94570a5e9,2340969
audio/sound_beta_2/voice_cn/char_4106_bryota.ab,c457c24c472d72e8162160c1b6bbec92,2200908
audio/sound_beta_2/voice_cn/char_4107_vrdant.ab,8f32dbcc6059b7f55ee77f92c933a240,2382603
audio/sound_beta_2/voice_cn/char_4109_baslin.ab,1f8d4f9d1585f6cb002bbbd2a14a78b2,1810547
audio/sound_beta_2/voice_cn/char_4110_delphn.ab,4d8cea1e3b93837d5526ed018a816853,2214392
audio/sound_beta_2/voice_cn/char_4114_harold.ab,70c8701f0cbcbe00d5965f11837ff64e,2185957
audio/sound_beta_2/voice_cn/char_4116_blkkgt.ab,e7b3d288d8189c610bb5433547c0c3cf,1534209
audio/sound_beta_2/voice_cn/char_4117_ray.ab,777e738bfaeab65d18f2cbdbfae3cdc0,1675462
audio/sound_beta_2/voice_cn/char_4119_wanqin.ab,8dcc2eb2bda0ba73f4bdf5fbe44d4391,1860029
audio/sound_beta_2/voice_cn/char_411_tomimi.ab,fee5444415234b1ecded43cad86f74cb,1720187
audio/sound_beta_2/voice_cn/char_4121_zuole.ab,d78de1e2fec404c1e2efc1a0a830d57d,2189796
audio/sound_beta_2/voice_cn/char_4122_grabds.ab,dae2da4fdb0dc5ea5b14361deee85813,1929857
audio/sound_beta_2/voice_cn/char_4130_luton.ab,67c82b3502ddc752e39ea8279a0a19e9,1551670
audio/sound_beta_2/voice_cn/char_4131_odda.ab,ef5d7cad1949409d4c31baecb00cf912,1743123
audio/sound_beta_2/voice_cn/char_4132_ascln.ab,e57ffc53b31f12155603b8b767f375cf,1474807
audio/sound_beta_2/voice_cn/char_4133_logos.ab,34c386c8ed8554f73819da61de5bc535,1951654
audio/sound_beta_2/voice_cn/char_4134_cetsyr.ab,e2142c341319fb747bdc80c6f054fd0d,5486042
audio/sound_beta_2/voice_cn/char_4134_cetsyr_epoque#50.ab,c74079f27bfebed4583a984ca25a15b3,2294022
audio/sound_beta_2/voice_cn/char_4136_phonor.ab,c9969a459cfa962bec5ee0b7fc9c92f6,1429298
audio/sound_beta_2/voice_cn/char_4137_udflow.ab,cf30e18a9af944801644714ed81d117d,1783993
audio/sound_beta_2/voice_cn/char_4138_narant.ab,c4658fe5a0eebed5969dc4f4487402b5,2373998
audio/sound_beta_2/voice_cn/char_4139_papyrs.ab,6e99bc9eb4956edb2328d3b89a872f66,2309755
audio/sound_beta_2/voice_cn/char_4140_lasher.ab,5b0cf4e5954c91d9cd26b17388092879,2042257
audio/sound_beta_2/voice_cn/char_4145_ulpia.ab,5c1a166d38e592fe0827a6ea110198ef,1707072
audio/sound_beta_2/voice_cn/char_4146_nymph.ab,16d31bb403b55531fdac2f49f4be1e16,1906708
audio/sound_beta_2/voice_cn/char_4147_mitm.ab,ad66e1107f8d768dd5c4986052d3b182,1908977
audio/sound_beta_2/voice_cn/char_4148_philae.ab,a1557834285389c26de72cb5d25f9b65,1529533
audio/sound_beta_2/voice_cn/char_4151_tinman.ab,cae23816609e724a00e54b8d9a5dbccc,2702860
audio/sound_beta_2/voice_cn/char_4155_talr.ab,e2d4831a9b4a7c781334f1db20515b2e,1356500
audio/sound_beta_2/voice_cn/char_415_flint.ab,d640a06768e0b8319c45b21aee8039fd,1803032
audio/sound_beta_2/voice_cn/char_4162_cathy.ab,6397c0a0dcf7844ec66ccce5b40caad6,1979411
audio/sound_beta_2/voice_cn/char_4163_rosesa.ab,d4e5b5d04d35fc5a8b31f361b89f7aef,2211332
audio/sound_beta_2/voice_cn/char_4164_tecno.ab,3a33fb0dea981356dcb9bcd64ee7388f,2045571
audio/sound_beta_2/voice_cn/char_4165_ctrail.ab,9cde77882c5c1b0d4530236d7d1b9946,1807158
audio/sound_beta_2/voice_cn/char_4166_varkis.ab,863567de8e04802c10b6be39af5cdbab,2500316
audio/sound_beta_2/voice_cn/char_416_zumama.ab,e5ccf7a2dde1b8f26d2fdab8f3a6d168,1368583
audio/sound_beta_2/voice_cn/char_4171_wulfen.ab,d9d3d6b030c871f0f4422b494fa35f43,1690244
audio/sound_beta_2/voice_cn/char_4172_xingzh.ab,d4eeeddbbe6e4c326384df2dbdeb9d95,2849772
audio/sound_beta_2/voice_cn/char_4173_nowell.ab,68ae468c1c26990b72f91a4f271ecea1,2189871
audio/sound_beta_2/voice_cn/char_4177_brigid.ab,88fb8946c851b6d1a0d7cb7a7b3d09a3,1734704
audio/sound_beta_2/voice_cn/char_4178_alanna.ab,0de4f4067f7563b882fb726c108800bf,1669857
audio/sound_beta_2/voice_cn/char_4179_monstr.ab,ed5647614251fc4b510433696545a030,1511310
audio/sound_beta_2/voice_cn/char_4187_graceb.ab,3d2b74e0a0f6e869e9533e5eae0995e7,2298926
audio/sound_beta_2/voice_cn/char_4188_confes.ab,4083158be565abaecc5e07181d90f4cb,1923029
audio/sound_beta_2/voice_cn/char_4191_tippi.ab,b9ee166cde5dcd9e5866510ed8eecb3f,1992336
audio/sound_beta_2/voice_cn/char_4193_lemuen.ab,6cbb2f28533d52f1031259489f2cb9d8,1795838
audio/sound_beta_2/voice_cn/char_4194_rmixer.ab,0b0c6405687c40e016db98b4b1170db3,2691889
audio/sound_beta_2/voice_cn/char_4195_radian.ab,a4179f2a6e34b531333e78f1e8c7cdeb,2039483
audio/sound_beta_2/voice_cn/char_4196_reckpr.ab,afd5d2086ba5b79753ab16f83df9c596,2202688
audio/sound_beta_2/voice_cn/char_4198_christ.ab,1f2c78f98e566a847ba98c37e1a0336f,791819
audio/sound_beta_2/voice_cn/char_4199_makiri.ab,5bbe078c19a745711417bf056cedd7c3,2271349
audio/sound_beta_2/voice_cn/char_4202_haruka.ab,1334306b6342833e0c8544d2ed4a6913,2352278
audio/sound_beta_2/voice_cn/char_4203_kichi.ab,7d55d53b1a20cf8e2f63c2be9e10e06c,1906963
audio/sound_beta_2/voice_cn/char_4204_mantra.ab,3c56e02659824e9712166214aef81935,2410071
audio/sound_beta_2/voice_cn/char_4207_branch.ab,b52dc07353231f13dc8cd9567d218fa9,2279496
audio/sound_beta_2/voice_cn/char_4208_wintim.ab,dffa10c726cb9bfcbf5cb87814a3aaf5,1726127
audio/sound_beta_2/voice_cn/char_420_flamtl.ab,255dcc1d1d9a01b82d8bf9b85ff8c1e8,2339503
audio/sound_beta_2/voice_cn/char_4211_snhunt.ab,182912d2c36ed6c0b73f21b20d71e103,2013363
audio/sound_beta_2/voice_cn/char_4212_nasti.ab,60815bbc0c9d8b72c85931f7a05d152f,2017967
audio/sound_beta_2/voice_cn/char_4213_skybx.ab,78feb12aee94e5d6f2f4504b26eb4b59,2929718
audio/sound_beta_2/voice_cn/char_4214_cairn.ab,1b43df49d62c9420c75294a4976ed6f3,2101928
audio/sound_beta_2/voice_cn/char_421_crow.ab,860f80b99e49587d76e8b7ac046cd2bd,1415068
audio/sound_beta_2/voice_cn/char_4221_ju.ab,59548d9aecc2e6be65aa81728777f3d8,2689990
audio/sound_beta_2/voice_cn/char_4222_taraxa.ab,c442587ffbca9ffde9d7519ea0234ce3,1939263
audio/sound_beta_2/voice_cn/char_422_aurora.ab,9207adb84b35ee7f7c9122cf1fb65b9f,1822788
audio/sound_beta_2/voice_cn/char_423_blemsh.ab,a97fa3b59bf7f5a01961efbd2cbd511f,1817177
audio/sound_beta_2/voice_cn/char_426_billro.ab,2a6352e802c9213f3807b36c03c0023d,2275188
audio/sound_beta_2/voice_cn/char_427_vigil.ab,3cfc464b04604b1daac637d3143b7671,2634243
audio/sound_beta_2/voice_cn/char_430_fartth.ab,ef7d5c74fd0eea540ff5730d5f001f5b,1701759
audio/sound_beta_2/voice_cn/char_431_ashlok.ab,0fc1b5ff2bb7cf23eb32b911acb5f9f3,1600884
audio/sound_beta_2/voice_cn/char_433_windft.ab,b05bdbb872e5cbd71c703eda6d6eeebd,2018758
audio/sound_beta_2/voice_cn/char_436_whispr.ab,6f780e88aaaffd275d672e5aa6882592,2130420
audio/sound_beta_2/voice_cn/char_437_mizuki.ab,92a3a26868684bfd1cf23c3fcee76051,1935075
audio/sound_beta_2/voice_cn/char_440_pinecn.ab,9041c57fb700fe48d509f0260166de70,2101901
audio/sound_beta_2/voice_cn/char_445_wscoot.ab,c9d1d7a58320bd20a98eb38f6ccb9fc7,2505030
audio/sound_beta_2/voice_cn/char_446_aroma.ab,080b306fef2c461b860d8d5881f1aa39,2007481
audio/sound_beta_2/voice_cn/char_449_glider.ab,9837fd5e16a0a5e268f6e4a603eeefc3,2000636
audio/sound_beta_2/voice_cn/char_450_necras.ab,d79ce53a79c28804ad7caa51941be088,2373839
audio/sound_beta_2/voice_cn/char_451_robin.ab,5bd74d91237b9f2d562f226b5b5c2e86,1424553
audio/sound_beta_2/voice_cn/char_452_bstalk.ab,aed7d8851228f464fa3a98e1f1bd0c26,1560539
audio/sound_beta_2/voice_cn/char_455_nothin.ab,07f6e1acfe7753118f932e2389850bc0,2232401
audio/sound_beta_2/voice_cn/char_464_cement.ab,15b7894eda62da6283a7947a83db2c62,2256469
audio/sound_beta_2/voice_cn/char_466_qanik.ab,0ff0a80d7b4c8822fd5d22ef39657b27,2305822
audio/sound_beta_2/voice_cn/char_469_indigo.ab,693a8cfa629e3befb8fcee7789fe1005,1806997
audio/sound_beta_2/voice_cn/char_472_pasngr.ab,5e036349bb17ee4277e5017e193636ce,2857978
audio/sound_beta_2/voice_cn/char_472_pasngr_epoque#17.ab,9b9fc493ea855d4ff310f9e67bfeeb28,3384704
audio/sound_beta_2/voice_cn/char_473_mberry.ab,462b622a94cae01cc1b9b860f22968a5,2311932
audio/sound_beta_2/voice_cn/char_474_glady.ab,5ddcf8466d73717a88526a5f70ff659b,2555288
audio/sound_beta_2/voice_cn/char_475_akafyu.ab,c0bfeb11460db9628724ba725d49b5a4,2365138
audio/sound_beta_2/voice_cn/char_476_blkngt.ab,3d3ef3b7cb4bd5e8fc8a3b6a5e90aa6e,2079298
audio/sound_beta_2/voice_cn/char_478_kirara.ab,1396a39457245af38548d934c5b28926,1757460
audio/sound_beta_2/voice_cn/char_479_sleach.ab,c5d8a2738f16c17b9929312bd3d9c77b,1996378
audio/sound_beta_2/voice_cn/char_484_robrta.ab,f9f2447581e67f0a6e123ade2a5d06fa,2277518
audio/sound_beta_2/voice_cn/char_485_pallas.ab,89a5f9901fb14cd6e640b6833c70408f,2764229
audio/sound_beta_2/voice_cn/char_486_takila.ab,13f71b7233207eb6ed8f96ab9fc6a97b,2303936
audio/sound_beta_2/voice_cn/char_487_bobb.ab,07209d6e2f10aeea18cc197e9001ab61,2084951
audio/sound_beta_2/voice_cn/char_488_buildr.ab,b98ea6994bc77055ef921d0f313e8add,2339798
audio/sound_beta_2/voice_cn/char_489_serum.ab,60c2ac6ef88f44212b35b7f8841382fb,2909730
audio/sound_beta_2/voice_cn/char_491_humus.ab,05e42f4db08e3fa63f5703095d2fba71,2247121
audio/sound_beta_2/voice_cn/char_492_quercu.ab,3c4a08fde3d13399ae040b5d73b32d28,2166974
audio/sound_beta_2/voice_cn/char_493_firwhl.ab,fd752f66931da0e6a168848996d3d04d,2161217
audio/sound_beta_2/voice_cn/char_494_vendla.ab,4ebbc7bddb53f61e67574a34992ec0d5,2577003
audio/sound_beta_2/voice_cn/char_496_wildmn.ab,4c801b5407b2301bc2857206f0391fc6,1733687
audio/sound_beta_2/voice_cn/char_497_ctable.ab,b30b3b9bd1a54b366e58277b662a8b98,1830197
audio/sound_beta_2/voice_cn/char_498_inside.ab,ff1d3052f1ff8e8ac4579e8164787da9,2579905
audio/sound_beta_2/voice_cn/char_499_kaitou.ab,caddbac15f4dc5c6ae0c3b63ec08586b,2864236
audio/sound_beta_2/voice_cn/char_500_noirc.ab,10d3db9524da9a77234a6d69d5567153,1218852
audio/sound_beta_2/voice_cn/char_501_durin.ab,6592eb26a2902a3581316afd143c7939,1792960
audio/sound_beta_2/voice_cn/char_502_nblade.ab,cc69c591ca11295be581c38e05d3ca24,949214
audio/sound_beta_2/voice_cn/char_503_rang.ab,c4d00022d7558cc1f0401dbf3dda7240,1580395
audio/sound_beta_2/voice_cn/char_508_aguard.ab,a2ee8d3570cb6e43be94f6af08d6e972,215939
audio/sound_beta_2/voice_cn/char_509_acast.ab,924dd73e61c70c322d4ddfb138331201,211360
audio/sound_beta_2/voice_cn/char_510_amedic.ab,e425fe101befcf774d50fee8b1d745e0,188328
audio/sound_beta_2/voice_cn/char_511_asnipe.ab,e144b69d60b799c7367e12c229f56e45,287791
audio/sound_beta_2/voice_cn/char_513_apionr.ab,c4fce15176407bab85e8fecdd7c920a5,211930
audio/sound_beta_2/voice_cn/extra_cn_0.ab,90d5a3098221a2b43b873eff6e9b5bb7,2841229
audio/sound_beta_2/voice_cn/extra_cn_1.ab,eb9a63998ee518015068127195a37bb5,3413300
audio/sound_beta_2/voice_cn/extra_cn_10.ab,c734eec810b55de29d4bcb25d2c8ef06,2938596
audio/sound_beta_2/voice_cn/extra_cn_11.ab,d02446c6b942bd5cefb73c8930fa6864,3052742
audio/sound_beta_2/voice_cn/extra_cn_12.ab,426cb2648faded6fde149a224c49d9a2,2401806
audio/sound_beta_2/voice_cn/extra_cn_13.ab,4144cb734f2be6c7d6342e3070171db8,2911441
audio/sound_beta_2/voice_cn/extra_cn_14.ab,7089cb95ab9aaa21ca6d735b39362234,3178189
audio/sound_beta_2/voice_cn/extra_cn_15.ab,aebaa63d918d2086e5aef072a5365047,3442423
audio/sound_beta_2/voice_cn/extra_cn_16.ab,2642f506dad4ffb5fd28fa1a69be9b81,3047856
audio/sound_beta_2/voice_cn/extra_cn_17.ab,bc0808e4ef1c1fa864ab0b7b10efc761,2789700
audio/sound_beta_2/voice_cn/extra_cn_18.ab,7e1c44300b0010920d78e1f2ad75aab9,2794863
audio/sound_beta_2/voice_cn/extra_cn_19.ab,e0ce451852992746d65cc744091bf9ed,3074620
audio/sound_beta_2/voice_cn/extra_cn_2.ab,6711f331a387c4d32db20725a4f270be,2711619
audio/sound_beta_2/voice_cn/extra_cn_20.ab,6f1e6da92330d15fe76748deedf4f5ec,3131462
audio/sound_beta_2/voice_cn/extra_cn_21.ab,f8a57ab7994b6173343e57fe93b3232b,3478576
audio/sound_beta_2/voice_cn/extra_cn_22.ab,814e6373a70023891c91b69c39d12e84,2760871
audio/sound_beta_2/voice_cn/extra_cn_23.ab,5b76509c87e5bd2f356d8b253b95030e,2975330
audio/sound_beta_2/voice_cn/extra_cn_24.ab,cb4000df87f9b0d9edb3f0f510b12ba8,3095927
audio/sound_beta_2/voice_cn/extra_cn_25.ab,1977e7792cdea03aeb8e967353eb178f,3285166
audio/sound_beta_2/voice_cn/extra_cn_26.ab,743739a9f066693c4a0f66eef7d8c85b,3112448
audio/sound_beta_2/voice_cn/extra_cn_27.ab,6525af23d1898292fa718b8b7fbc817a,3137258
audio/sound_beta_2/voice_cn/extra_cn_28.ab,44df9388d892eb2dfe0cef6944a10b4a,2663953
audio/sound_beta_2/voice_cn/extra_cn_29.ab,2b4ad5ebe050e6cf30aebc21d7c62762,3160869
audio/sound_beta_2/voice_cn/extra_cn_3.ab,3ae5357fddf3a7719c409615b44c8457,2786858
audio/sound_beta_2/voice_cn/extra_cn_30.ab,3421f5670c9ef55a81ecbf45be0bcf43,3003284
audio/sound_beta_2/voice_cn/extra_cn_31.ab,8f921ce13bcc13d2607bc1d3ac0c8285,2976334
audio/sound_beta_2/voice_cn/extra_cn_32.ab,0ff23232289fd869eaeafe3aeaef75ae,2935455
audio/sound_beta_2/voice_cn/extra_cn_33.ab,e70ea2164bfe979678012feea02472d6,2981927
audio/sound_beta_2/voice_cn/extra_cn_34.ab,84658de22321f2bfa495b241e0beeb37,3153693
audio/sound_beta_2/voice_cn/extra_cn_35.ab,ffffd254d7f11e09068d9e4c3ad63d8d,2679410
audio/sound_beta_2/voice_cn/extra_cn_36.ab,a421f058b2038eb114dbf9e54538165b,3383677
audio/sound_beta_2/voice_cn/extra_cn_37.ab,82ee5044a349da6809b8d20417fb8304,3209913
audio/sound_beta_2/voice_cn/extra_cn_38.ab,97bdb30674d49e076db95bcbf6c4b09b,2696166
audio/sound_beta_2/voice_cn/extra_cn_39.ab,aed3c3a7512ed25d257dd31d59c31c39,2968005
audio/sound_beta_2/voice_cn/extra_cn_4.ab,f7feedc5e203b6f6436478de946eedb0,2856716
audio/sound_beta_2/voice_cn/extra_cn_40.ab,6137a75f1a8e4ab5208908b264c97730,2673269
audio/sound_beta_2/voice_cn/extra_cn_41.ab,6a37776b5b467a8c0f7b695c8845b825,2801894
audio/sound_beta_2/voice_cn/extra_cn_42.ab,fa84712170a13d1b1d63d307e031ff17,2977074
audio/sound_beta_2/voice_cn/extra_cn_43.ab,03eb0fcfb240e91da707d39c36a8a817,3092108
audio/sound_beta_2/voice_cn/extra_cn_44.ab,48d4c22ba7efe0b0731e0ec14cf1bb31,3520919
audio/sound_beta_2/voice_cn/extra_cn_45.ab,946fe3ed62d15c5f9e3041e6752b6e0b,2395545
audio/sound_beta_2/voice_cn/extra_cn_46.ab,debebaba5b233984652a2f920475278e,2761235
audio/sound_beta_2/voice_cn/extra_cn_47.ab,bd9622af0653726aec819e33b52ba736,3111613
audio/sound_beta_2/voice_cn/extra_cn_48.ab,b13e612aec4f266d3dd6b267e942f81f,3004176
audio/sound_beta_2/voice_cn/extra_cn_49.ab,995027db1f4e50d641275bc6977dfe6e,3434441
audio/sound_beta_2/voice_cn/extra_cn_5.ab,3fceb0e97af3528916d0413e5d512e82,2638213
audio/sound_beta_2/voice_cn/extra_cn_50.ab,0207ca361837883269468d20de24676a,2624954
audio/sound_beta_2/voice_cn/extra_cn_6.ab,9b91b06faef6d5fe59a22722a5669490,2756878
audio/sound_beta_2/voice_cn/extra_cn_7.ab,b7df986002662df98a2f303355e1fdf9,2770284
audio/sound_beta_2/voice_cn/extra_cn_8.ab,2ca2c18df5fd43fdd0bdcdccb145fb8e,2880839
audio/sound_beta_2/voice_cn/extra_cn_9.ab,d95d7aad2f9c8cd520e250e00e205458,2890159
audio/sound_beta_2/voice_custom/char_010_chen_cn_topolect.ab,32b4fe309bb671370b53865b3131bcb8,1082239
audio/sound_beta_2/voice_custom/char_1013_chen2_cn_topolect.ab,fc738eb225726d5ad28c005d228d701c,1552742
audio/sound_beta_2/voice_custom/char_1028_texas2_ita.ab,d8060d8dbed2bc63394ef35682bf132f,1968892
audio/sound_beta_2/voice_custom/char_102_texas_ita.ab,3b00d3a8305ae9cf44dfefb4f177093e,818005
audio/sound_beta_2/voice_custom/char_1033_swire2_cn_topolect.ab,9553bb7a3a6b340cc94bf0726e9af97f,2062712
audio/sound_beta_2/voice_custom/char_1038_whitw2_ita.ab,226dbedef6bea0e8b240818a91f24d44,2329949
audio/sound_beta_2/voice_custom/char_1039_thorn2.ab,7e6efba954d4f03ec5aa6d83847b0ebe,2871456
audio/sound_beta_2/voice_custom/char_1042_phatm2.ab,6cda607ea7954e341463de8207da73e4,2865899
audio/sound_beta_2/voice_custom/char_1044_hsgma2_cn_topolect.ab,423d1004dbb20a19d58635d21b171cc2,2093518
audio/sound_beta_2/voice_custom/char_1050_chen3_cn_topolect.ab,2ddb5798470fad9a54b1f41abac004ca,2009000
audio/sound_beta_2/voice_custom/char_115_headbr.ab,fe25a6fb996e3bc5ea315a7786375e07,1287321
audio/sound_beta_2/voice_custom/char_136_hsguma_cn_topolect.ab,26584a4357533c00789d1efa98b82811,1407724
audio/sound_beta_2/voice_custom/char_140_whitew_ita.ab,790f32f1f3a4dc6e50a321195b59eb71,1633249
audio/sound_beta_2/voice_custom/char_1502_crosly.ab,5b450c67e558914770baa785009d9720,1983648
audio/sound_beta_2/voice_custom/char_188_helage.ab,ae13036dd2bcb5f172dc5f5adcd7fb40,2132796
audio/sound_beta_2/voice_custom/char_194_leto.ab,7ffebfe302270cf7b73036ea5bcaa82a,2177087
audio/sound_beta_2/voice_custom/char_195_glassb.ab,946b5eca5dad284a90f6c8469c925a66,1425624
audio/sound_beta_2/voice_custom/char_196_sunbr.ab,e15d472a033ecd254c8f32f7faeee316,1789292
audio/sound_beta_2/voice_custom/char_197_poca.ab,36b53ff1d1a0d9b6f27bf174e5ed6b2b,1801782
audio/sound_beta_2/voice_custom/char_2014_nian_cn_topolect.ab,171870d6c34dbc4d81f09691d7aee60a,2656508
audio/sound_beta_2/voice_custom/char_2015_dusk_cn_topolect.ab,08eb012796cfa34bfdc8ce9f329caaff,2791140
audio/sound_beta_2/voice_custom/char_2023_ling_cn_topolect.ab,6bab3acafe799bf9c3006989c6e8c98e,2447054
audio/sound_beta_2/voice_custom/char_2024_chyue_cn_topolect.ab,b1f546da45350e7d974b01d49bc16454,3703926
audio/sound_beta_2/voice_custom/char_2025_shu_cn_topolect.ab,c7a744cdab8ec96d8bb6c527e25959d9,2054950
audio/sound_beta_2/voice_custom/char_2026_yu_cn_topolect.ab,192fdd5ddd5f0f4b9b24152024831e33,2365674
audio/sound_beta_2/voice_custom/char_2027_wang_cn_topolect.ab,7a42d3eda0d1ccdb2ff6754e6c80ca88,2451839
audio/sound_beta_2/voice_custom/char_225_haak_cn_topolect.ab,cdec8deb7e8e1c2e113d39f2f6dccb2f,2243623
audio/sound_beta_2/voice_custom/char_226_hmau_cn_topolect.ab,cab46074c6d3dc8e4abed8137049b557,1494360
audio/sound_beta_2/voice_custom/char_241_panda_cn_topolect.ab,fc3c316c75e73221b6b14f3bfcb873b5,1617770
audio/sound_beta_2/voice_custom/char_243_waaifu_cn_topolect.ab,dfe619e38366660500fe4b2fabb1c4d3,1761927
audio/sound_beta_2/voice_custom/char_250_phatom.ab,e117c85dc604f1ba4285bb346b0c81d0,1932012
audio/sound_beta_2/voice_custom/char_293_thorns.ab,7b23b9c925783bfcf95438a236eace7c,1989302
audio/sound_beta_2/voice_custom/char_308_swire_cn_topolect.ab,d24887607fd047b8e9f2d3ee28ba7565,2141545
audio/sound_beta_2/voice_custom/char_322_lmlee_cn_topolect.ab,2f32077b446ecc8db334aea3f77dbe8f,2833742
audio/sound_beta_2/voice_custom/char_383_snsant_cn_topolect.ab,9b12890e1c31ed0ee7ef71e112b10682,2205760
audio/sound_beta_2/voice_custom/char_4009_irene.ab,7dbb7e3a29957922fac81c1426c9a069,2125788
audio/sound_beta_2/voice_custom/char_400_weedy.ab,60ca40e64f9157147c7867f9f7afc268,1433832
audio/sound_beta_2/voice_custom/char_4011_lessng.ab,a12c63b6f138aa01a02b56a4b979d032,2983809
audio/sound_beta_2/voice_custom/char_401_elysm.ab,bce97bbac1d64e7ce6442b8bca6ce038,2298127
audio/sound_beta_2/voice_custom/char_4026_vulpis_ita.ab,f3783a0c781cf69fb85f816cdf0dfc57,2420376
audio/sound_beta_2/voice_custom/char_4042_lumen.ab,27d658f73859b544e3839dbcad0427e4,2307248
audio/sound_beta_2/voice_custom/char_4046_ebnhlz.ab,4a5352b607b85c1f8516a3bf8d0396df,2981986
audio/sound_beta_2/voice_custom/char_4047_pianst.ab,75192a075151a509954afb46ec82bcf8,2564529
audio/sound_beta_2/voice_custom/char_405_absin.ab,5830bf9604c5c7f05231455bf5be45ba,1700951
audio/sound_beta_2/voice_custom/char_4065_judge_ita.ab,ce558006fe5ad02096955aa194dab130,2750244
audio/sound_beta_2/voice_custom/char_4080_lin_cn_topolect.ab,2a7a7b66c3f6a7d8703adb1a478a5899,2326351
audio/sound_beta_2/voice_custom/char_4098_vvana.ab,a3fc85ca05516d7296ef7b344f88c7a8,4066353
audio/sound_beta_2/voice_custom/char_4121_zuole_cn_topolect.ab,d9e7b57279376a157088ca346a851435,1807511
audio/sound_beta_2/voice_custom/char_4155_talr_ita.ab,5838f4498fe5508af2038b37ae664cb6,2293448
audio/sound_beta_2/voice_custom/char_4163_rosesa.ab,20445518a72d6aa223476860ca185ea6,2761584
audio/sound_beta_2/voice_custom/char_4195_radian.ab,b023356f04f273f89971349e63e106bc,2968808
audio/sound_beta_2/voice_custom/char_4207_branch.ab,05d32aa74e06312db0c96d8b8122b4c8,2993970
audio/sound_beta_2/voice_custom/char_4208_wintim.ab,8c3ab4d82679b80aedc6a4f3fb83d54e,3048665
audio/sound_beta_2/voice_custom/char_427_vigil_ita.ab,be0084aa97ef90c2348e9c171edd5c29,2550233
audio/sound_beta_2/voice_custom/char_455_nothin_cn_topolect.ab,bacde476f45d410993e6e7b4c71e26b3,2246741
audio/sound_beta_2/voice_custom/char_473_mberry_cn_topolect.ab,01698b363a81f83b34394807f2fdda04,2397525
audio/sound_beta_2/voice_custom/extra_custom_0.ab,53c2311c0f86b73c5251ed998ae42ed4,3266754
audio/sound_beta_2/voice_custom/extra_custom_1.ab,386789192b9d4b5317772f65f204b956,3672776
audio/sound_beta_2/voice_custom/extra_custom_2.ab,62cf21a8b350a4cd9e97f32dfee16d0f,3874137
audio/sound_beta_2/voice_custom/extra_custom_3.ab,f4104aab7e5a07c2febc07334cb5b9b7,3172863
audio/sound_beta_2/voice_custom/extra_custom_4.ab,d348660d7a27a40b269f15919ea8761c,3466469
audio/sound_beta_2/voice_custom/extra_custom_5.ab,e5b7401cf07d48b582feb9197396cf28,3430653
audio/sound_beta_2/voice_custom/extra_custom_6.ab,a099124a06fb526256e8ca477ef525bb,3624576
audio/sound_beta_2/voice_custom/extra_custom_7.ab,3b805ea8cb2ba7482054fbad68ac277d,696002
audio/sound_beta_2/voice_en/char_002_amiya.ab,69d43680dc1354d6988cfaaa01823d0b,1081037
audio/sound_beta_2/voice_en/char_003_kalts.ab,c61cfac42089060a679428ef4ffbb440,1827140
audio/sound_beta_2/voice_en/char_003_kalts_boc#6.ab,111d9eda0648f5570888f64a444f8345,2275023
audio/sound_beta_2/voice_en/char_009_12fce.ab,8de65af72335a28c979603af38d7716b,1594978
audio/sound_beta_2/voice_en/char_010_chen.ab,bf01021f29683dfc422f4e27db6ada37,884729
audio/sound_beta_2/voice_en/char_017_huang.ab,c0b9799d1555e55b440c766e618f9885,2066933
audio/sound_beta_2/voice_en/char_1001_amiya2.ab,1c32f1b1aa5c217cdc56fe73bff569b6,2008781
audio/sound_beta_2/voice_en/char_1011_lava2.ab,3a12ef2016f0ca82d6115d3c9e906e2f,2252185
audio/sound_beta_2/voice_en/char_1012_skadi2.ab,f6945013502c558ef740bf07b19e9da0,4362544
audio/sound_beta_2/voice_en/char_1012_skadi2_iteration#2.ab,8cecd1401f5a23b74a1ed4174e1770e7,5417385
audio/sound_beta_2/voice_en/char_1013_chen2.ab,30fdd41ec9b3848ac71255b1d01a687d,1429637
audio/sound_beta_2/voice_en/char_1014_nearl2.ab,71c248535c64145d4d13aac3b18e13b9,2269599
audio/sound_beta_2/voice_en/char_1016_agoat2.ab,91f3b9c2c7082f2a994b2a89182068f1,3069247
audio/sound_beta_2/voice_en/char_1016_agoat2_epoque#34.ab,2b6c464155ac9f60adc8e137b4961c89,2818724
audio/sound_beta_2/voice_en/char_1019_siege2.ab,2482f1b161e73679e8f9e05fb5fd8792,3158298
audio/sound_beta_2/voice_en/char_101_sora.ab,980cddeb8d95b3706352855d800057c9,1524589
audio/sound_beta_2/voice_en/char_1020_reed2.ab,f887f3f3a79ab3dd09fb9566d1eead49,2475977
audio/sound_beta_2/voice_en/char_1021_kroos2.ab,dcc40d0982868aa960feecd2312e6749,2015538
audio/sound_beta_2/voice_en/char_1022_flwr2.ab,fbbf2ad5ae45137cf6704808c8984e59,2922528
audio/sound_beta_2/voice_en/char_1023_ghost2.ab,86140e11d8b995006bbd3a8d264443af,2146485
audio/sound_beta_2/voice_en/char_1024_hbisc2.ab,634f07d57932f0314310b5bb07507bb9,2102912
audio/sound_beta_2/voice_en/char_1026_gvial2.ab,9a2fd2e1188671327582cf5a459c7229,2104085
audio/sound_beta_2/voice_en/char_1027_greyy2.ab,205152da4229c45b21803ed8937dd444,1842839
audio/sound_beta_2/voice_en/char_1028_texas2.ab,093981d1cfe5f0322f8b4c6f2678fe4c,1776778
audio/sound_beta_2/voice_en/char_1029_yato2.ab,756640a71d3413d3f41adb667d8cc8ff,1660189
audio/sound_beta_2/voice_en/char_102_texas.ab,c93a36de2e3bbdd933047a2d32c4c407,770686
audio/sound_beta_2/voice_en/char_1030_noirc2.ab,63e7404cf28338bd6c207a88346e9fec,1605587
audio/sound_beta_2/voice_en/char_1031_slent2.ab,d99288c98e110a9c80258db43971eb8a,1783025
audio/sound_beta_2/voice_en/char_1032_excu2.ab,9e68094b9b461e8ba484ce667477bca7,2119746
audio/sound_beta_2/voice_en/char_1032_excu2_sale#12.ab,86ed45a8085967171276643a680bb5a3,2578358
audio/sound_beta_2/voice_en/char_1033_swire2.ab,687b7eb1a5afbcd0174d391f28447295,2879784
audio/sound_beta_2/voice_en/char_1034_jesca2.ab,8e1c896388144e9b56fd2c47188e3092,2539790
audio/sound_beta_2/voice_en/char_1035_wisdel.ab,cb5e2239df4cefc42860903de8815ff5,2850438
audio/sound_beta_2/voice_en/char_1035_wisdel_sale#14.ab,daadf9b5e310ff9c3355792169f05c2d,3464441
audio/sound_beta_2/voice_en/char_1036_fang2.ab,ef40d9a8d82d32bf158f9f960ea2f1a5,1603691
audio/sound_beta_2/voice_en/char_1037_amiya3.ab,84a718ca2f317543614542592cc7ece5,2908271
audio/sound_beta_2/voice_en/char_1038_whitw2.ab,dea42c38bf9f0ac57d445b1b978ebdb1,2640768
audio/sound_beta_2/voice_en/char_1038_whitw2_sale#15.ab,961902202d65977aa611e0f4dce0e8e7,2851753
audio/sound_beta_2/voice_en/char_1039_thorn2.ab,a082325e721f1c35bd90f5581303f754,2972840
audio/sound_beta_2/voice_en/char_103_angel.ab,adb243dbc268eb4d1c5cb7c93523802c,1307162
audio/sound_beta_2/voice_en/char_1040_blaze2.ab,7610ef5852734f7d210a013d9e94b556,2703844
audio/sound_beta_2/voice_en/char_1041_angel2.ab,76f5c532f406889eb602d3ab0f5ae548,3060217
audio/sound_beta_2/voice_en/char_1042_phatm2.ab,55fdff43aa56a51db756dd90576aa57d,3577217
audio/sound_beta_2/voice_en/char_1043_leizi2.ab,8905b588ee174c06a07988d6d146ea27,3565032
audio/sound_beta_2/voice_en/char_1044_hsgma2.ab,e0e1d62f1d63f3afe7fc722c595be2d0,3037587
audio/sound_beta_2/voice_en/char_1045_svash2.ab,62d84b03d43e18d9f75ba8f944c5726d,3454661
audio/sound_beta_2/voice_en/char_1046_sbell2.ab,43586562bdec027c4e283691d408a194,3631301
audio/sound_beta_2/voice_en/char_1047_halo2.ab,392baecc0d5269707f5e65f821b09f3c,2466601
audio/sound_beta_2/voice_en/char_1050_chen3.ab,22405f10437a30609d9a6148d3b9a656,2395407
audio/sound_beta_2/voice_en/char_106_franka.ab,7cbb8f85f63b0e36fe15930277e54ca2,1401657
audio/sound_beta_2/voice_en/char_107_liskam.ab,904cce6ebf8b60130e7be1e08b42fc65,1083955
audio/sound_beta_2/voice_en/char_108_silent.ab,c8692f79dd66803ac391b86602002bb5,1262215
audio/sound_beta_2/voice_en/char_109_fmout.ab,56a8f55a968b8a3e5c3d608d1cffbce4,1293405
audio/sound_beta_2/voice_en/char_110_deepcl.ab,a00dc85bfeccba514f1f2e303e35284e,1132608
audio/sound_beta_2/voice_en/char_112_siege.ab,1d1cead45b21171f7b293b52eaea6635,1107148
audio/sound_beta_2/voice_en/char_113_cqbw.ab,444413598d6b2338b2524e5b039ded98,2862803
audio/sound_beta_2/voice_en/char_113_cqbw_epoque#7.ab,a881912b59ac385a716219f60f69c6c3,2306869
audio/sound_beta_2/voice_en/char_115_headbr.ab,97ac39f5cb5962178d78f70cccdc24f2,1103523
audio/sound_beta_2/voice_en/char_117_myrrh.ab,8da97bf17024550c096edc6cd5a644b5,1556551
audio/sound_beta_2/voice_en/char_118_yuki.ab,5aa05f91e14d9e6c56b7672bf987316d,647662
audio/sound_beta_2/voice_en/char_120_hibisc.ab,29c638568caffe967298e6bdcf65e1fe,1418303
audio/sound_beta_2/voice_en/char_121_lava.ab,8f9ff0331e2607ea81d338e21bf4bc98,1514377
audio/sound_beta_2/voice_en/char_122_beagle.ab,f746028534e3029e3ff67bc1ef126e7f,1375659
audio/sound_beta_2/voice_en/char_123_fang.ab,ff7ccf23f7be8d3a9f2d0fc972612af9,1033832
audio/sound_beta_2/voice_en/char_124_kroos.ab,2d2617603554745bb419056d4b7225cb,1501479
audio/sound_beta_2/voice_en/char_126_shotst.ab,2a3fd70dea6777d369298727637a09f4,993982
audio/sound_beta_2/voice_en/char_127_estell.ab,c46e101fdd6eed0d41840bbb4d8aebd0,1408537
audio/sound_beta_2/voice_en/char_128_plosis.ab,b30bdf7d79489b0a4745cf9cf3fccc08,1265888
audio/sound_beta_2/voice_en/char_129_bluep.ab,0fbf677315db657f9368e2e666ea0f74,1516861
audio/sound_beta_2/voice_en/char_130_doberm.ab,fb4cb8ca7e6ecc1a70118d42a51e9768,1203069
audio/sound_beta_2/voice_en/char_131_flameb.ab,cee20181d3252d0e96a8887749702d89,2003442
audio/sound_beta_2/voice_en/char_133_mm.ab,9454f0ebd9bffd208dd058cdbdade901,1921758
audio/sound_beta_2/voice_en/char_134_ifrit.ab,5f961fd99c8392f8408b91858dfec58b,1566024
audio/sound_beta_2/voice_en/char_135_halo.ab,bc5ec36600844df0b5901d0da8ad302f,1728780
audio/sound_beta_2/voice_en/char_136_hsguma.ab,22196440d7cf58a88a96b046c3aa8b0f,1190075
audio/sound_beta_2/voice_en/char_137_brownb.ab,4617862aca1f7ecd45f8057160d25283,1446922
audio/sound_beta_2/voice_en/char_140_whitew.ab,ae2ac572466391938784ba9b07fdc015,1692729
audio/sound_beta_2/voice_en/char_141_nights.ab,6d5bca1de93cdb727dcf86557f9a4961,1264084
audio/sound_beta_2/voice_en/char_143_ghost.ab,0980d77510f6f93aa7b4fc431593210e,1588407
audio/sound_beta_2/voice_en/char_144_red.ab,c4c6806fb7d7b77c46b4336a2903cbe5,917913
audio/sound_beta_2/voice_en/char_145_prove.ab,8fff57b1c401bbc316774c2f7e3ae1a6,1509261
audio/sound_beta_2/voice_en/char_147_shining.ab,27d49981c7192964d9b2ce1871909e5d,1208637
audio/sound_beta_2/voice_en/char_148_nearl.ab,ba405564806ee48bff648c34cc22910b,1115355
audio/sound_beta_2/voice_en/char_149_scave.ab,755415bc568786503a2aaa09b8ea0869,897122
audio/sound_beta_2/voice_en/char_1502_crosly.ab,d4dfb3803d03955d44948624538b06a7,2645848
audio/sound_beta_2/voice_en/char_150_snakek.ab,526da16bd4cd66ce6a6912c502792ce4,1116077
audio/sound_beta_2/voice_en/char_151_myrtle.ab,c72ac530b2e2cae34beb47e4786a1643,1169145
audio/sound_beta_2/voice_en/char_154_morgan.ab,8e72de7a1ac870c7d22c95cc4ccc053e,2367777
audio/sound_beta_2/voice_en/char_155_tiger.ab,5b91ed185b99c28356227bedfc744c87,984068
audio/sound_beta_2/voice_en/char_157_dagda.ab,0f5a2c131cf12e1c1de6203fdd0959ae,1794882
audio/sound_beta_2/voice_en/char_158_milu.ab,add281e2ab6cc65015be979970a224d6,865458
audio/sound_beta_2/voice_en/char_159_peacok.ab,4b45db5b17f4221a14044828099499c3,2064808
audio/sound_beta_2/voice_en/char_163_hpsts.ab,90a166af0c8cb93349da3f9a4d670d18,1067405
audio/sound_beta_2/voice_en/char_164_nightm.ab,7985e520bfa614e384ccbb256a3dc985,1602990
audio/sound_beta_2/voice_en/char_166_skfire.ab,c61c9729ae98e87143b4042198781d41,1454250
audio/sound_beta_2/voice_en/char_171_bldsk.ab,27b7d539b20983fbb96b612d10193142,1728624
audio/sound_beta_2/voice_en/char_172_svrash.ab,da5d8bb79f9e588b6e05c54fecfa53a5,2145145
audio/sound_beta_2/voice_en/char_173_slchan.ab,997194a5370c8380348c28c986f2d2ef,1308737
audio/sound_beta_2/voice_en/char_174_slbell.ab,1e4333c8396d1a64292b317ad26ac574,1422683
audio/sound_beta_2/voice_en/char_179_cgbird.ab,99064b30d11754495d39d3a64213b1a8,1349162
audio/sound_beta_2/voice_en/char_180_amgoat.ab,7a3df290e16df3083d915f9336c5f4a0,1344411
audio/sound_beta_2/voice_en/char_181_flower.ab,dadb099298b7e27220336ed13a85a292,1327924
audio/sound_beta_2/voice_en/char_183_skgoat.ab,65f260bcea8d99a30f00272fc88a7f71,1326200
audio/sound_beta_2/voice_en/char_185_frncat.ab,c93e62eb5deda65296b4160d4e606bf1,1270919
audio/sound_beta_2/voice_en/char_187_ccheal.ab,a98b2997b757e0a0855bcc402a74db21,1260723
audio/sound_beta_2/voice_en/char_188_helage.ab,c06e072903875f694c713cae2471d151,2626822
audio/sound_beta_2/voice_en/char_190_clour.ab,7369d2e24f4618a74db6eeac4b6dbb43,1322149
audio/sound_beta_2/voice_en/char_192_falco.ab,e1795a5e949e32845c963d37db80bca9,974680
audio/sound_beta_2/voice_en/char_193_frostl.ab,dbca5e6bae825b7c56ed984fa5a8d968,819896
audio/sound_beta_2/voice_en/char_194_leto.ab,1a6c90cb878d62f11f4eed57a030a858,2521221
audio/sound_beta_2/voice_en/char_195_glassb.ab,e47335304256ccc2bd7d8d0b94ea1b02,1479351
audio/sound_beta_2/voice_en/char_196_sunbr.ab,d27c2d30b9fab9af27064373a3446dbf,1641885
audio/sound_beta_2/voice_en/char_197_poca.ab,720e69c27409b27972004dd5d703131e,1716096
audio/sound_beta_2/voice_en/char_198_blackd.ab,dcc5529e5e6f6fa2cc42d1dff3d9bae9,1073171
audio/sound_beta_2/voice_en/char_199_yak.ab,949b1fa8304b3daca7f71ed4e60af595,1310902
audio/sound_beta_2/voice_en/char_2012_typhon.ab,d9988b6d9cfdb4bf50edb8125e2aeb5c,3187528
audio/sound_beta_2/voice_en/char_2013_cerber.ab,9a5c52cef08e15791b63f2a030e2d297,1511528
audio/sound_beta_2/voice_en/char_2014_nian.ab,2c448d71515f2219340798cf57b239ec,2702759
audio/sound_beta_2/voice_en/char_2015_dusk.ab,426b472d3c4158a9607b2568f999ea07,2498506
audio/sound_beta_2/voice_en/char_201_moeshd.ab,dc2754df43e5c920e4dccb1d6627afbf,1174893
audio/sound_beta_2/voice_en/char_2023_ling.ab,6b0a1988b2804e0e9940b6f05a37bf97,2908245
audio/sound_beta_2/voice_en/char_2023_ling_nian#12.ab,673338ac6645849e9861ee5cc87156c4,3625977
audio/sound_beta_2/voice_en/char_2024_chyue.ab,f2f0f8ca8150e7bfe97aaf2f892755cf,3551422
audio/sound_beta_2/voice_en/char_2024_chyue_cfa#1.ab,a2a39c4b73091180ecca83a874fd1190,4004912
audio/sound_beta_2/voice_en/char_2025_shu.ab,69bf0e7e4d6e819ef20e43357c1b934c,3187945
audio/sound_beta_2/voice_en/char_2026_yu.ab,4de86eee47c73147ed53ee0714a62153,3279170
audio/sound_beta_2/voice_en/char_2027_wang.ab,ecc7eede3a02beacd16393473f3fd62c,3259003
audio/sound_beta_2/voice_en/char_202_demkni.ab,8636ac4faa6b2c6a3825dfd1dcb1e57a,1245908
audio/sound_beta_2/voice_en/char_204_platnm.ab,4baa845e75ce00eb09c5ef8337015a5e,1467798
audio/sound_beta_2/voice_en/char_206_gnosis.ab,0ae542944e5698107a6c63f87f3d5306,1837304
audio/sound_beta_2/voice_en/char_208_melan.ab,a16dc12387dfd155c97358d7520e966a,1012841
audio/sound_beta_2/voice_en/char_209_ardign.ab,2ceb31a908c7f144b46ad68c668d2583,1282134
audio/sound_beta_2/voice_en/char_210_stward.ab,9432dcb2895a12fadee8a86795cf9b1f,1191536
audio/sound_beta_2/voice_en/char_211_adnach.ab,f049869fc9bf9c48613ebeae78c98649,1235288
audio/sound_beta_2/voice_en/char_212_ansel.ab,f5b554f3198f36c06f19ca12581b4d20,1372304
audio/sound_beta_2/voice_en/char_213_mostma.ab,096684ea13c1193081b5c2e05eb2e7be,1797516
audio/sound_beta_2/voice_en/char_214_kafka.ab,13a919415b2000849b870f975022a7c8,1836816
audio/sound_beta_2/voice_en/char_215_mantic.ab,36189d7b2db08b8536edad132b5b0608,1588845
audio/sound_beta_2/voice_en/char_218_cuttle.ab,073b7152e18c2ca3c8cef7544a65384c,2198001
audio/sound_beta_2/voice_en/char_219_meteo.ab,080c7139e16956290966774b29095dac,1058691
audio/sound_beta_2/voice_en/char_220_grani.ab,9d4b6be157c1fe78c125f4c592a927e9,1414790
audio/sound_beta_2/voice_en/char_222_bpipe.ab,19ea873fe9d68d7ea4da7d7820945b75,2914364
audio/sound_beta_2/voice_en/char_225_haak.ab,607cee12898c551e0df1673abd6d9cd1,2316886
audio/sound_beta_2/voice_en/char_226_hmau.ab,e71b0134eefcc45c7e0b030f03bea8a6,1611003
audio/sound_beta_2/voice_en/char_230_savage.ab,8f27e3c2b6981ae5c35d02f72c70fbb8,1438344
audio/sound_beta_2/voice_en/char_235_jesica.ab,971936e3f76b5e2531ef195a701e6331,1605472
audio/sound_beta_2/voice_en/char_236_rope.ab,a9c54a2547be91f0937842ee7499b47e,1580208
audio/sound_beta_2/voice_en/char_237_gravel.ab,7290e282bc517ce9d44603b66887b822,1164324
audio/sound_beta_2/voice_en/char_240_wyvern.ab,107194c4163ce58becca78a47667055a,1119849
audio/sound_beta_2/voice_en/char_241_panda.ab,89beb7437169357fbdd478386acb1757,1546108
audio/sound_beta_2/voice_en/char_242_otter.ab,079f3c9980d9e19f0f986d206de298ce,1544682
audio/sound_beta_2/voice_en/char_243_waaifu.ab,a1fa78eb78704ec116a24a91a263dcae,2193909
audio/sound_beta_2/voice_en/char_245_cello.ab,58571af5ed897e265e5d09424e17f5d1,3368104
audio/sound_beta_2/voice_en/char_245_cello_sale#12.ab,2ffd370df803cfd39a679ec7909b0937,3097288
audio/sound_beta_2/voice_en/char_248_mgllan.ab,a1a99ae4f7a3a8859651ce9db53fd93a,2113053
audio/sound_beta_2/voice_en/char_249_mlyss.ab,c870659d0da934230b451eaef1b8a321,2007520
audio/sound_beta_2/voice_en/char_249_mlyss_boc#8.ab,389592969995e3153c89d60a9ee38644,2528498
audio/sound_beta_2/voice_en/char_250_phatom.ab,fdfea656eed6671cda5340e8ec348104,1942269
audio/sound_beta_2/voice_en/char_252_bibeak.ab,61174358b475e68cb2222305df9e6428,2595992
audio/sound_beta_2/voice_en/char_253_greyy.ab,4b7aa5f07f6bc709b13659e1a6dbee75,1560300
audio/sound_beta_2/voice_en/char_254_vodfox.ab,7395d281847993220c1e682946567059,1757060
audio/sound_beta_2/voice_en/char_258_podego.ab,a5356512000d3a51f44237cbbc4f3616,1519624
audio/sound_beta_2/voice_en/char_260_durnar.ab,9f03d9d7c90307db2f0201dc9c3b1bbe,1366943
audio/sound_beta_2/voice_en/char_261_sddrag.ab,a28e77ca7cbb17ea78fa1fa160a2c754,1623707
audio/sound_beta_2/voice_en/char_263_skadi.ab,0f4270bb0ecf5b78331066ae83dc2b4b,1642988
audio/sound_beta_2/voice_en/char_264_f12yin.ab,1447baabc1a3104365755e40cd31a5e5,2510010
audio/sound_beta_2/voice_en/char_265_sophia.ab,d56c4b2c8e01ae710ce6491ec4be1572,1918619
audio/sound_beta_2/voice_en/char_271_spikes.ab,a23eb87866cd9da74578751098983dec,1801013
audio/sound_beta_2/voice_en/char_272_strong.ab,bfd3d595be273a2620352221363f7375,1596673
audio/sound_beta_2/voice_en/char_274_astesi.ab,516771fe7fc51719cb7fb2754fb1d662,1563772
audio/sound_beta_2/voice_en/char_275_breeze.ab,23c7424833666a176f833b6e03c58a0f,1650743
audio/sound_beta_2/voice_en/char_277_sqrrel.ab,38f7742565612c09b7e943cfd581f88b,873337
audio/sound_beta_2/voice_en/char_278_orchid.ab,e06cb4c3395f5f73d68b6b5a65b6d49f,1245938
audio/sound_beta_2/voice_en/char_279_excu.ab,17367bde596c9f2c0f1a186d39324fa1,2115787
audio/sound_beta_2/voice_en/char_281_popka.ab,962fd29151efa236a3cceaf0bab99b9d,2042068
audio/sound_beta_2/voice_en/char_282_catap.ab,1f47659512182b8f77be852fa0fa82f6,1581544
audio/sound_beta_2/voice_en/char_283_midn.ab,0ae75639c4b86f03e802c00d09fb92c5,1620866
audio/sound_beta_2/voice_en/char_284_spot.ab,fb734bd38cb263825b692c874be94aa8,1065369
audio/sound_beta_2/voice_en/char_285_medic2.ab,52201ba7944f4ebaaa7055f5d41c6fa3,1320716
audio/sound_beta_2/voice_en/char_286_cast3.ab,3120932ce4e4dc0baf6da962f6ae2a6f,1086161
audio/sound_beta_2/voice_en/char_289_gyuki.ab,071c28a9eef9db3462731de4355f67c9,1716419
audio/sound_beta_2/voice_en/char_290_vigna.ab,ecd06c9113acaf84280c4c7fb382bec0,1621433
audio/sound_beta_2/voice_en/char_291_aglina.ab,68d728ee053e7387ceeb5116ec8400c4,1591731
audio/sound_beta_2/voice_en/char_293_thorns.ab,ecaf43db4ae717962c0d2a896a9fa460,2075779
audio/sound_beta_2/voice_en/char_294_ayer.ab,66d59e0e53e14448aff7334992568e7f,1499945
audio/sound_beta_2/voice_en/char_297_hamoni.ab,fa0e49db6d896e9d29495a91cbb97476,2371105
audio/sound_beta_2/voice_en/char_298_susuro.ab,34892bec952bca39f6ad67d9a81c586e,2015455
audio/sound_beta_2/voice_en/char_300_phenxi.ab,9029c6e6e35cf516e0c40100ac7c5120,1966798
audio/sound_beta_2/voice_en/char_301_cutter.ab,d199eda06cca369774b9dcbd5a3c8068,1783665
audio/sound_beta_2/voice_en/char_302_glaze.ab,1066d9d1c52e759abb57e8bddc83bfa0,2057032
audio/sound_beta_2/voice_en/char_304_zebra.ab,01c9bc1d2d4cf47fee04ddba13bfbe40,1927803
audio/sound_beta_2/voice_en/char_306_leizi.ab,23c47936dbd5dc1ffb4149dc527894a8,2982683
audio/sound_beta_2/voice_en/char_308_swire.ab,03392b8a16f630d3bf5e60839ea06858,2521057
audio/sound_beta_2/voice_en/char_311_mudrok#1.ab,c233a9119208672e6e7c0965d6294564,3307418
audio/sound_beta_2/voice_en/char_311_mudrok.ab,e9f6dd2c64ac808a3b3bac70d75b8b3a,2387492
audio/sound_beta_2/voice_en/char_322_lmlee.ab,cc9a55c25029c8a320d233d883dfaf59,2575771
audio/sound_beta_2/voice_en/char_325_bison.ab,d16277cfb22fbd4f7b1f375d8ef47768,1462176
audio/sound_beta_2/voice_en/char_326_glacus.ab,5f088bdb82ac5d28b0ad0b227b3c69a2,1542080
audio/sound_beta_2/voice_en/char_328_cammou.ab,6e2965e591213251cdfef1a63c174f5a,1503825
audio/sound_beta_2/voice_en/char_332_archet.ab,b2d270cf839f1da51c36830592a26303,2792924
audio/sound_beta_2/voice_en/char_333_sidero.ab,5dd48b4d2532cbf8350c9731e235c0bc,1962718
audio/sound_beta_2/voice_en/char_336_folivo.ab,b5f845ee955cb2313fd127bf515b8a59,1478854
audio/sound_beta_2/voice_en/char_337_utage.ab,5ef0c0b49fccd67b6374c804b2fa57a9,2005830
audio/sound_beta_2/voice_en/char_338_iris.ab,619a8e0e65d98eb9c91a3b250df16cc6,2491710
audio/sound_beta_2/voice_en/char_340_shwaz.ab,2bf22f40cd628c5f1c9c12e34eb299f5,1610016
audio/sound_beta_2/voice_en/char_341_sntlla.ab,80f51d2f2e5de9da9fb0b832f314e56d,2538690
audio/sound_beta_2/voice_en/char_343_tknogi.ab,16ae0e076d8279e6e1c6f76693ec8215,2071654
audio/sound_beta_2/voice_en/char_344_beewax.ab,c8e245a5170cfa92a3e9c1afdf94c29a,2875481
audio/sound_beta_2/voice_en/char_345_folnic.ab,71097ce29beea022e24da91128cd6f54,2028814
audio/sound_beta_2/voice_en/char_346_aosta.ab,b9f5b3e8581b81d2d2d5bd3faf724816,1412327
audio/sound_beta_2/voice_en/char_347_jaksel.ab,5c93743177be1e0cf57e8edd98597666,1716037
audio/sound_beta_2/voice_en/char_348_ceylon.ab,921c8cefca98682ac95713f66022cfe4,1623076
audio/sound_beta_2/voice_en/char_349_chiave.ab,3a3f64981d1f9695239731446824d5c2,1328807
audio/sound_beta_2/voice_en/char_350_surtr.ab,33d99394586163bf1f262b495b37e83c,1248813
audio/sound_beta_2/voice_en/char_355_ethan.ab,72ad41c84be484d908c60e40224de4dc,2970607
audio/sound_beta_2/voice_en/char_356_broca.ab,850f8a6a3ad562341d0ba2f3afdcef26,1209278
audio/sound_beta_2/voice_en/char_358_lisa.ab,3db18ed704675c5dd9b9832f0f71d24a,3314158
audio/sound_beta_2/voice_en/char_362_saga.ab,daa042ebf49f642ae0e1a8daac24ede9,2296824
audio/sound_beta_2/voice_en/char_363_toddi.ab,81023e78af6bf76a5f7cb2eb8907e5f7,1640002
audio/sound_beta_2/voice_en/char_365_aprl.ab,771ea8f25f7c2496c8801615a79af3ce,1524740
audio/sound_beta_2/voice_en/char_366_acdrop.ab,174adb0c691798f7f2d6d1ccce0cf1de,1748764
audio/sound_beta_2/voice_en/char_367_swllow.ab,f4b8f50896d42a63b26e6e2ace0f5e28,2151654
audio/sound_beta_2/voice_en/char_369_bena.ab,b4594a49654c6dc188f403fc65967163,1997028
audio/sound_beta_2/voice_en/char_373_lionhd.ab,ef3b10adf904f7d9f18b51cc748a017d,2339262
audio/sound_beta_2/voice_en/char_376_therex.ab,31a7794894eadf6af17295c40901c526,1539762
audio/sound_beta_2/voice_en/char_377_gdglow.ab,6609459802b516d2a3b4b8a05a4822db,1846014
audio/sound_beta_2/voice_en/char_378_asbest.ab,4f8a8f198609881d2a419a1e1ff50d18,1556590
audio/sound_beta_2/voice_en/char_379_sesa.ab,b3c2050a6c2862c8f7567f18c6400f8a,3251322
audio/sound_beta_2/voice_en/char_381_bubble.ab,db3af82e145bc29d75fbb41bc3ca3c62,1637636
audio/sound_beta_2/voice_en/char_383_snsant.ab,504b352947cd0fb9f2f22b2c34b7d91d,2372871
audio/sound_beta_2/voice_en/char_385_finlpp.ab,dd9547d23cc16881667041fe1e5d3e4a,2106509
audio/sound_beta_2/voice_en/char_388_mint.ab,7e7c79390612fbbf06b27e3c5de0e43b,1905412
audio/sound_beta_2/voice_en/char_391_rosmon.ab,0c9575b28f61f6c92581e31aead18c41,3519432
audio/sound_beta_2/voice_en/char_394_hadiya.ab,b0c07d059caaef0371935572adf7bfb6,2016888
audio/sound_beta_2/voice_en/char_4000_jnight.ab,fed6067115b5f9dcfc4cb510188f54ea,1137505
audio/sound_beta_2/voice_en/char_4004_pudd.ab,b14b814780821ef5f0b9747c85a949c0,1989320
audio/sound_beta_2/voice_en/char_4006_melnte.ab,e51b5d5c6a5f0c2db40f80d1e6487d8f,2063753
audio/sound_beta_2/voice_en/char_4009_irene.ab,299add7c782cbdce8a15daf9433cb12c,2156622
audio/sound_beta_2/voice_en/char_400_weedy.ab,24a8c3fb60496880546bbfc2c5be8875,1625081
audio/sound_beta_2/voice_en/char_4010_etlchi.ab,d1f3dbe987954cfe1fdba51d36784593,3138947
audio/sound_beta_2/voice_en/char_4011_lessng.ab,1c473679f5ee371d85fa41cd089da598,2598119
audio/sound_beta_2/voice_en/char_4013_kjera.ab,04161949cd0774a51d69d63eb13a4134,1853180
audio/sound_beta_2/voice_en/char_4014_lunacu.ab,1f2e0b2381676affacc456be32600b89,2076067
audio/sound_beta_2/voice_en/char_4015_spuria.ab,05d913d89739a2068c89d1492db9248e,3117240
audio/sound_beta_2/voice_en/char_4016_kazema.ab,251f6341ce41dfbca2d0abc0e0ba8f5d,1678280
audio/sound_beta_2/voice_en/char_4017_puzzle.ab,79d9b3eb624523e626b9875c554c9800,2763651
audio/sound_beta_2/voice_en/char_401_elysm.ab,a33e6a901a6ccd12f53b2a112fb26eab,2499158
audio/sound_beta_2/voice_en/char_4023_rfalcn.ab,267e51f1540d50fd8e692f7da6604709,2548777
audio/sound_beta_2/voice_en/char_4025_aprot2.ab,eb727d0e893982c43b47c3474d3a9159,2803469
audio/sound_beta_2/voice_en/char_4026_vulpis.ab,29b22f5e9b470e9e8707020a754c3bb6,2869801
audio/sound_beta_2/voice_en/char_4027_heyak.ab,38b1c0370701e12084eb67dfa062b9cf,2668000
audio/sound_beta_2/voice_en/char_402_tuye.ab,eabd043293fb0c27daf565f382b4233b,1702047
audio/sound_beta_2/voice_en/char_4031_liesel.ab,1561b5a74b612505b5fa8841cc4051b1,2874401
audio/sound_beta_2/voice_en/char_4032_provs.ab,e3124cdd855c65a1b07355017cbc5d7d,2263206
audio/sound_beta_2/voice_en/char_4036_forcer.ab,f41bf9adb9b19ab8df4b0debd41fd529,1819779
audio/sound_beta_2/voice_en/char_4037_demetr.ab,444527038f581e6b942087d819475687,2597760
audio/sound_beta_2/voice_en/char_4039_horn.ab,df9d8f0fc3834c2c222503b4619e4a74,1871639
audio/sound_beta_2/voice_en/char_4040_rockr.ab,d1cadfa3368e8e0fd4db7987d3502b8d,2304074
audio/sound_beta_2/voice_en/char_4041_chnut.ab,0441b4a3abbfb52bf878271b43ec979a,2103633
audio/sound_beta_2/voice_en/char_4042_lumen.ab,1e8510ed2b4c23ae4415ea1eb7d65a11,2312998
audio/sound_beta_2/voice_en/char_4043_erato.ab,9cedcb336f475626f8ee9824b5ee89ae,2631951
audio/sound_beta_2/voice_en/char_4045_heidi.ab,9271554909a56034c9d72c4a67421632,2092036
audio/sound_beta_2/voice_en/char_4046_ebnhlz.ab,e844a5a964f51e85df24531e3cbe4c31,2998162
audio/sound_beta_2/voice_en/char_4047_pianst.ab,fc6c633cbc77d8df1030e033eb370091,3002628
audio/sound_beta_2/voice_en/char_4048_doroth.ab,3bb09af96e9eb218260c21766abf0c7d,2152301
audio/sound_beta_2/voice_en/char_4051_akkord.ab,61f936a02bed388221736011856639dd,2807853
audio/sound_beta_2/voice_en/char_4052_surfer.ab,836dee44f33c8ffb7204fbb402754a62,2779813
audio/sound_beta_2/voice_en/char_4054_malist.ab,c5d7ad74064a35f72479726319dc5c93,2324244
audio/sound_beta_2/voice_en/char_4055_bgsnow.ab,09e5d400f51b455337673528f6f9c14e,2344670
audio/sound_beta_2/voice_en/char_4056_titi.ab,31b120901996c4ba9320cbce189cf1fa,3349976
audio/sound_beta_2/voice_en/char_4058_pepe.ab,37be8bdc8e6489b4be7ade154af40752,3202716
audio/sound_beta_2/voice_en/char_405_absin.ab,96007e4840243a89cc2db3692526fd65,2190310
audio/sound_beta_2/voice_en/char_4062_totter.ab,2e53ecccd309a3bf350312cd9930a697,1808766
audio/sound_beta_2/voice_en/char_4063_quartz.ab,ef0422211859bc510e28d7cd0a12bd60,2032673
audio/sound_beta_2/voice_en/char_4064_mlynar.ab,8c1eaf429b1dbf3dc3669e08439dee04,2826037
audio/sound_beta_2/voice_en/char_4064_mlynar_epoque#28.ab,45d3b07e53052b79b770ccc6589fd698,3815494
audio/sound_beta_2/voice_en/char_4065_judge.ab,f36e15bc0ed2d7112c92c0f0c83243a5,2957361
audio/sound_beta_2/voice_en/char_4066_highmo.ab,4c69d0fd3230a08c7972271c1c721a2e,2302638
audio/sound_beta_2/voice_en/char_4071_peper.ab,fbe2c2e1ab35a683493bac57138bee6d,2256204
audio/sound_beta_2/voice_en/char_4072_ironmn.ab,45beb743d67ac208ca25872f6e2ca3df,2997485
audio/sound_beta_2/voice_en/char_4078_bdhkgt.ab,16942dd3427d4c0923abc8ef07aced70,1996697
audio/sound_beta_2/voice_en/char_4079_haini.ab,dfc3798dd1594099fe4ddce449f8c040,3204631
audio/sound_beta_2/voice_en/char_4080_lin.ab,f8a8157e0f9f40da78606de2f190b4fb,1998976
audio/sound_beta_2/voice_en/char_4081_warmy.ab,bcab8c1d3a1d7374542a499c090a80a2,2438465
audio/sound_beta_2/voice_en/char_4082_qiubai.ab,d54514aa932921a083d2b26d3cc3a7a1,2664352
audio/sound_beta_2/voice_en/char_4083_chimes.ab,7e64cad3f0d9497f78496b3a37e56ad5,1862985
audio/sound_beta_2/voice_en/char_4087_ines.ab,ebac9510391af8daa26ef28f3437c361,2104761
audio/sound_beta_2/voice_en/char_4088_hodrer.ab,3f1d6517666cd6fb1408ae65dd7bb820,3637265
audio/sound_beta_2/voice_en/char_4091_ulika.ab,f721c15f59c9a7dc6428835c032b77bf,2495546
audio/sound_beta_2/voice_en/char_4093_frston.ab,62e94ecc7ea5a513d9f42000dd838a45,1594974
audio/sound_beta_2/voice_en/char_4098_vvana.ab,87d78fe33d1f2f4c5cca1ef34509ffd5,3560309
audio/sound_beta_2/voice_en/char_4100_caper.ab,7db61104da0c522fe523e0dbea40c581,3158395
audio/sound_beta_2/voice_en/char_4102_threye.ab,64018aa066751aa008165432d53a4b8c,3354472
audio/sound_beta_2/voice_en/char_4104_coldst.ab,c3c3d92548629febc859054c3c447f28,2427733
audio/sound_beta_2/voice_en/char_4105_almond.ab,cb5fa63a1d983eae19bcef4968389221,2941076
audio/sound_beta_2/voice_en/char_4106_bryota.ab,a1feee55d1975f4f1072810421aaeebc,2914248
audio/sound_beta_2/voice_en/char_4107_vrdant.ab,4be42738a29b0dd7f87a91e091541f79,2886207
audio/sound_beta_2/voice_en/char_4109_baslin.ab,06cde6831f88998bca1066ebbf02b2d6,2668215
audio/sound_beta_2/voice_en/char_4110_delphn.ab,8caf92fe49ce1487849d9d30fcb101ab,2672779
audio/sound_beta_2/voice_en/char_4114_harold.ab,a956083884f4fa7f216438397239df15,3619221
audio/sound_beta_2/voice_en/char_4116_blkkgt.ab,a54421de91f42209c7597419f6461102,2558376
audio/sound_beta_2/voice_en/char_4117_ray.ab,1441ca17a404eda71f4569673f4162ed,2801931
audio/sound_beta_2/voice_en/char_4119_wanqin.ab,3399ed72bbb90660721c158ab514ea55,3158469
audio/sound_beta_2/voice_en/char_411_tomimi.ab,14550948f7664cfbcadd4ae169e525aa,2371584
audio/sound_beta_2/voice_en/char_4121_zuole.ab,11cd8092a3c6b0c78b468b2a59f80fa4,2677423
audio/sound_beta_2/voice_en/char_4122_grabds.ab,8adcb9f98f7bad20b0ffc52de21bdb85,2575503
audio/sound_beta_2/voice_en/char_4123_ela.ab,57ea95ed3b97c1051f6b98b999256837,1064368
audio/sound_beta_2/voice_en/char_4124_iana.ab,a64b8d0cfd38211d1cbd19220cf558a2,823931
audio/sound_beta_2/voice_en/char_4125_rdoc.ab,740af7db82b35a260bcea7253b0d8dc0,1134978
audio/sound_beta_2/voice_en/char_4126_fuze.ab,056453d424e2a385e0c0b13dcfea92e0,877593
audio/sound_beta_2/voice_en/char_4130_luton.ab,57a6e9192733831d8024370722eadb60,1731686
audio/sound_beta_2/voice_en/char_4131_odda.ab,8157d26853ba58e1c2bde428e7700d2e,2285740
audio/sound_beta_2/voice_en/char_4132_ascln.ab,43823c6214e9f1bd6e1d8c1d4e7e0c18,2004140
audio/sound_beta_2/voice_en/char_4133_logos.ab,d8716955102bb6ee597a03cf3a168105,3608447
audio/sound_beta_2/voice_en/char_4134_cetsyr.ab,7ff34a046e9f739407a7b3849bfc5f17,5756692
audio/sound_beta_2/voice_en/char_4134_cetsyr_epoque#50.ab,843e88ddad89788517f0658cdf827b8b,3820702
audio/sound_beta_2/voice_en/char_4136_phonor.ab,c74d9b735393084411569a2042bff405,2252401
audio/sound_beta_2/voice_en/char_4137_udflow.ab,56f4033d09809b91882df31b62323b34,2572617
audio/sound_beta_2/voice_en/char_4138_narant.ab,69f86c4db61581942841b2ed1ef3da1f,3438720
audio/sound_beta_2/voice_en/char_4139_papyrs.ab,23b7d0bfb9a8f246f2f4742aee53bfd7,3107166
audio/sound_beta_2/voice_en/char_4140_lasher.ab,95088564e6d13af0173e602e81e5acb3,2787421
audio/sound_beta_2/voice_en/char_4145_ulpia.ab,3cafab00fb40e8fa0868347bca32d36a,2675922
audio/sound_beta_2/voice_en/char_4146_nymph.ab,c550bd1ab254ff8588f81e53df1c0c2d,2867552
audio/sound_beta_2/voice_en/char_4147_mitm.ab,77c1e5530d546c57820b8db1170ba552,3512684
audio/sound_beta_2/voice_en/char_4148_philae.ab,8c83dafe8970b095e379fa0cb2c0a055,2726178
audio/sound_beta_2/voice_en/char_4151_tinman.ab,44b4ceb01a2da41382ecdfb10838f488,3915203
audio/sound_beta_2/voice_en/char_4155_talr.ab,588fdcef3c33ea222b231e73b332976f,2422709
audio/sound_beta_2/voice_en/char_415_flint.ab,a10ca103385597990eaa14ceb7cf98a8,2065918
audio/sound_beta_2/voice_en/char_4162_cathy.ab,439928d769bbd0724a6c6e62717a4a87,2903990
audio/sound_beta_2/voice_en/char_4163_rosesa.ab,ce195b0460066ae14b8bfe2459d6d386,3398214
audio/sound_beta_2/voice_en/char_4164_tecno.ab,cdc55991d8ef9f280a759677571e5a2a,3104404
audio/sound_beta_2/voice_en/char_4165_ctrail.ab,8c049cf5103dceded9b354502835b42f,2814173
audio/sound_beta_2/voice_en/char_4166_varkis.ab,05c17352beaedea01d53cee6ce6ed93f,3008845
audio/sound_beta_2/voice_en/char_416_zumama.ab,00eaa139a449b622f25b8ca9ec0e0078,1683736
audio/sound_beta_2/voice_en/char_4171_wulfen.ab,5d6949171931ebe04224cdd468c6bf8e,2485520
audio/sound_beta_2/voice_en/char_4172_xingzh.ab,076aed9cb09b396de61208d1d26cdc31,4190098
audio/sound_beta_2/voice_en/char_4173_nowell.ab,d5538db3fd8a50fad40d4139dbc724ab,2513718
audio/sound_beta_2/voice_en/char_4177_brigid.ab,d6d0fb3064eded87e735f08d0a380839,2587892
audio/sound_beta_2/voice_en/char_4178_alanna.ab,f4ce5a6a76e24720ba563c036d0ac086,2459897
audio/sound_beta_2/voice_en/char_4179_monstr.ab,6e3cf8a8b6c5ce703238e868e79c86b0,2157565
audio/sound_beta_2/voice_en/char_4187_graceb.ab,ab70ddac8d0350e4a682968a3742b840,3156818
audio/sound_beta_2/voice_en/char_4188_confes.ab,b80ddc75309a7b140207d906b9345fc6,2085123
audio/sound_beta_2/voice_en/char_4191_tippi.ab,76ec5dcdf8874bd219470134e95c1e17,2489005
audio/sound_beta_2/voice_en/char_4193_lemuen.ab,716bc0dd700e91080a99353ed29265f8,2814258
audio/sound_beta_2/voice_en/char_4194_rmixer.ab,b60ddbc61bee43e1021a4ebaccd99075,2859431
audio/sound_beta_2/voice_en/char_4195_radian.ab,5d369b1f446f5c447e5253b14ada2462,3240277
audio/sound_beta_2/voice_en/char_4196_reckpr.ab,34df5e8acdeb425be2b5ddfbfd646aa3,3455968
audio/sound_beta_2/voice_en/char_4199_makiri.ab,00db6fc406bf79206e036a1a9e97c755,4349915
audio/sound_beta_2/voice_en/char_4202_haruka.ab,69c27817d9dc403c5290b11e646b14e4,3490968
audio/sound_beta_2/voice_en/char_4203_kichi.ab,cfb589a5e3bfe3006930f3820a567615,2404123
audio/sound_beta_2/voice_en/char_4204_mantra.ab,64158a7c0d06a6b87a1139ec66d3f0fd,2765388
audio/sound_beta_2/voice_en/char_4207_branch.ab,7c86d1c5aa6bd78d9f43d361cf041c46,3509642
audio/sound_beta_2/voice_en/char_4208_wintim.ab,b7d464ee605a79a2a053c69fe26e025a,3146395
audio/sound_beta_2/voice_en/char_420_flamtl.ab,246328cc0b54b58b8a90df935c88415d,1983401
audio/sound_beta_2/voice_en/char_4211_snhunt.ab,5d197abfd2aa11ab7dead76a2e2ebeb0,2526727
audio/sound_beta_2/voice_en/char_4212_nasti.ab,5c31a98f6579d55928b8d69fe5337c34,2211115
audio/sound_beta_2/voice_en/char_4213_skybx.ab,a588415a0cbd93ea7f43967822e39795,3619361
audio/sound_beta_2/voice_en/char_4214_cairn.ab,5e74992ee51d88dc97bc093cff012c84,2303316
audio/sound_beta_2/voice_en/char_421_crow.ab,5e1304c69018bea4b26daca03c2322c6,1824075
audio/sound_beta_2/voice_en/char_4221_ju.ab,9c34ee0ca1b6d9ec139d1a71e888dd14,3786235
audio/sound_beta_2/voice_en/char_4222_taraxa.ab,09ec9b2ca78139ea3ac2332fbe33e674,2686982
audio/sound_beta_2/voice_en/char_422_aurora.ab,1ba2b53f1cf688fd254c5a61b971fa8a,1753356
audio/sound_beta_2/voice_en/char_423_blemsh.ab,896de4e014b710f70e681b5f96505a0c,2035126
audio/sound_beta_2/voice_en/char_426_billro.ab,5f313315737841ca86b913d61cbc4755,2465172
audio/sound_beta_2/voice_en/char_427_vigil.ab,24e0cc15cdaa5caaf5fa334c06349d69,2606953
audio/sound_beta_2/voice_en/char_430_fartth.ab,293e8129d18e319f732efa67f7684006,1382454
audio/sound_beta_2/voice_en/char_431_ashlok.ab,9562062fd7cde874940076ff8a8d51f5,1597186
audio/sound_beta_2/voice_en/char_433_windft.ab,ebfbf92780aa57ef68cbbc1abb8cee71,1796067
audio/sound_beta_2/voice_en/char_436_whispr.ab,ab6cf1ebe64ece8b73d5e78eec25d0db,2155328
audio/sound_beta_2/voice_en/char_437_mizuki.ab,9282717596b78ef4a118c267637a116b,2419887
audio/sound_beta_2/voice_en/char_440_pinecn.ab,ddfc3cf8ce436502c75975afde404e3f,2513924
audio/sound_beta_2/voice_en/char_445_wscoot.ab,cb736c0e6b78dff42d12a4380bdb9621,3219982
audio/sound_beta_2/voice_en/char_446_aroma.ab,19209b37fc7c911932dcd8a579b57c8c,2365737
audio/sound_beta_2/voice_en/char_449_glider.ab,fedce3bb35dd28dc1ee453b1c5a9b0b1,1968505
audio/sound_beta_2/voice_en/char_450_necras.ab,6cf8c312ffc098a8319ab50f5ef2993d,3104315
audio/sound_beta_2/voice_en/char_451_robin.ab,780579c2734f149649b3dbcbea956751,1667486
audio/sound_beta_2/voice_en/char_452_bstalk.ab,fddf79ee645c5acb009c44e5f3b0db5b,1930566
audio/sound_beta_2/voice_en/char_455_nothin.ab,084be1433eb5edbb473a56a35976cc7b,3311471
audio/sound_beta_2/voice_en/char_464_cement.ab,41cf2ccd1c26ebf40f6cb0799be3560b,1923586
audio/sound_beta_2/voice_en/char_466_qanik.ab,4998c77349dc28daca044c5e7a75a798,2171336
audio/sound_beta_2/voice_en/char_469_indigo.ab,81f6ccea809a35cfbe349e781a17ed9c,2535275
audio/sound_beta_2/voice_en/char_472_pasngr.ab,6cfe566c0d06e5e3b993bca25f1120b0,3481710
audio/sound_beta_2/voice_en/char_472_pasngr_epoque#17.ab,3f4a5c7b7c6dc84cd01d0c9e87918632,4227838
audio/sound_beta_2/voice_en/char_473_mberry.ab,fb595352f06f676c56743a71be26d25c,2299327
audio/sound_beta_2/voice_en/char_474_glady.ab,633abe451cee8bb59203896ecff89d33,3032212
audio/sound_beta_2/voice_en/char_475_akafyu.ab,dbd0eda0282c9031ba2f6123dae0004a,2560867
audio/sound_beta_2/voice_en/char_476_blkngt.ab,fd3cdf74b08f612f09bbc6b9884e77a0,1629443
audio/sound_beta_2/voice_en/char_478_kirara.ab,ba52a269306fa72a8a0ee8aa04015d48,2551692
audio/sound_beta_2/voice_en/char_479_sleach.ab,a764ee28d82e1afb95b854724f047219,1949520
audio/sound_beta_2/voice_en/char_484_robrta.ab,4aa0d1f74ffd533d6e6c92ee665cdb7e,2232449
audio/sound_beta_2/voice_en/char_485_pallas.ab,bc2223f45c2e798337b7e7006b66df16,3079567
audio/sound_beta_2/voice_en/char_486_takila.ab,7a2f764b8879929ee7f67a8981ed6024,2607586
audio/sound_beta_2/voice_en/char_487_bobb.ab,a5c1936bac38a2aa8b355246430b71cd,2671025
audio/sound_beta_2/voice_en/char_488_buildr.ab,0c2cf6ac4a11818d926752a9e9e9a367,3009384
audio/sound_beta_2/voice_en/char_489_serum.ab,c30ed06c3920751745be380cec20ce96,3013087
audio/sound_beta_2/voice_en/char_491_humus.ab,078aac9402d456caba6057c27f04e2f4,2011628
audio/sound_beta_2/voice_en/char_492_quercu.ab,9fa6eda850c4cbf50d9d3e45619a0f10,2187852
audio/sound_beta_2/voice_en/char_493_firwhl.ab,15e20b6269dee614c4e2a78470bc167b,2242427
audio/sound_beta_2/voice_en/char_494_vendla.ab,2f161b767b6cbc382cc76208424bdbcf,3423006
audio/sound_beta_2/voice_en/char_496_wildmn.ab,9c7d2294d33d6c99a0970b5ec7ec2966,1784659
audio/sound_beta_2/voice_en/char_497_ctable.ab,dfe2ba3f74950a981cb731962f93e0fc,1604345
audio/sound_beta_2/voice_en/char_498_inside.ab,e279402f27a64395873133c3db1c0dca,3000609
audio/sound_beta_2/voice_en/char_499_kaitou.ab,5129c7582b429917e24deeb11640014e,3428427
audio/sound_beta_2/voice_en/char_500_noirc.ab,f1733af00aa65521e6fff680c60f2271,1082999
audio/sound_beta_2/voice_en/char_501_durin.ab,af5a2096cadc8efeea92e302a86b547d,1821621
audio/sound_beta_2/voice_en/char_502_nblade.ab,adf9c8df8b7e2062c961394e98cefb8e,785276
audio/sound_beta_2/voice_en/char_503_rang.ab,8691bf26e91e929af42c1ee67edb0e6c,1269554
audio/sound_beta_2/voice_en/char_508_aguard.ab,526893404dcf581961d96c4b702f045f,179194
audio/sound_beta_2/voice_en/char_509_acast.ab,644c6783ab40278849968a6897887462,201662
audio/sound_beta_2/voice_en/char_510_amedic.ab,cb64980a6739fe04bdfea0676edb4f91,188228
audio/sound_beta_2/voice_en/char_511_asnipe.ab,631369bc92de1338ed8c2cd9306bba44,304475
audio/sound_beta_2/voice_en/char_513_apionr.ab,7caeee31be711d66298c73117db773bd,270284
audio/sound_beta_2/voice_en/extra_en_0.ab,b4790ee03eeecb11adf8c28b2bf4aab8,3168847
audio/sound_beta_2/voice_en/extra_en_1.ab,1be5fc68b207d5266072484b82f33bb6,3095641
audio/sound_beta_2/voice_en/extra_en_10.ab,ad6fb5866124c175ca0935ad2b2fe0f3,3428047
audio/sound_beta_2/voice_en/extra_en_11.ab,e2a53872a8d19dd4d13139ae94952e4e,3099204
audio/sound_beta_2/voice_en/extra_en_12.ab,1d30f5bcb0358faae50938f06d9a88bc,3881053
audio/sound_beta_2/voice_en/extra_en_13.ab,ff57e164bf3f36e1c4eee40b8a4a58cc,3792509
audio/sound_beta_2/voice_en/extra_en_14.ab,b3e33b454d23051a8f286bbb1666bd56,3323815
audio/sound_beta_2/voice_en/extra_en_15.ab,aed084594188e9818e6561b0bf9777bc,2836257
audio/sound_beta_2/voice_en/extra_en_16.ab,f21eb8ca56759fce91ee2f1fb9f4757f,3232185
audio/sound_beta_2/voice_en/extra_en_17.ab,b916f1cc6ccaf1fd5a89ce8e063e57d1,4262784
audio/sound_beta_2/voice_en/extra_en_18.ab,922f4747f78dded60626dec33bb8c5db,4090823
audio/sound_beta_2/voice_en/extra_en_19.ab,44baf29c1c194158b176391c7a0ba56f,3501765
audio/sound_beta_2/voice_en/extra_en_2.ab,7b4d7f3e8d461d5e9d7bb29d1b9807ed,3346251
audio/sound_beta_2/voice_en/extra_en_20.ab,eb8a48a17f8d625a27158bc880fe5766,3628959
audio/sound_beta_2/voice_en/extra_en_21.ab,4f06a4943d1ae7ee2d5a956c900dab9a,3748003
audio/sound_beta_2/voice_en/extra_en_22.ab,993a182c26bf697b537f60898e045d08,4268914
audio/sound_beta_2/voice_en/extra_en_23.ab,a3e5d589d19ce8193b2107c5cd5e2fa6,4158792
audio/sound_beta_2/voice_en/extra_en_24.ab,6d45f19b56db06c7ab8888cf26d64073,3818191
audio/sound_beta_2/voice_en/extra_en_25.ab,bd122abb3c3954f45cb01da8a58ac804,3976802
audio/sound_beta_2/voice_en/extra_en_26.ab,d30f9a65d144876c39641bd8d3bb11af,4183331
audio/sound_beta_2/voice_en/extra_en_27.ab,637c62b52440639fc2aba63f02b861c9,4345399
audio/sound_beta_2/voice_en/extra_en_28.ab,c80e83620b10589ab55181a8b5f06fa5,3984432
audio/sound_beta_2/voice_en/extra_en_29.ab,347017c1d82208b9417acbbacd6200ba,4221297
audio/sound_beta_2/voice_en/extra_en_3.ab,b410b9ee154fab136df81adda1e63149,3180707
audio/sound_beta_2/voice_en/extra_en_30.ab,30f38a09e19cb2a5f87a8303cdaadb23,3160515
audio/sound_beta_2/voice_en/extra_en_31.ab,a2f918c2cd9749792401a0dd543a0c83,3304553
audio/sound_beta_2/voice_en/extra_en_32.ab,bd80ab1e80a5169f1ac320fb64b7ea8a,3201210
audio/sound_beta_2/voice_en/extra_en_33.ab,93354310aa7d2175f7d1898805dba91c,3404224
audio/sound_beta_2/voice_en/extra_en_34.ab,fb600bd287a9c86e005ed4c182057ec3,3532324
audio/sound_beta_2/voice_en/extra_en_35.ab,1ffa8a8a454491b21bd180092ed625d6,3399669
audio/sound_beta_2/voice_en/extra_en_36.ab,eed50246daa01d2f1600c29ac82da03f,3400718
audio/sound_beta_2/voice_en/extra_en_37.ab,a9b06479b69630fadaef15f7105a21de,3692978
audio/sound_beta_2/voice_en/extra_en_38.ab,de2cabfc71a93da2568c9197f0b7cfbd,3155061
audio/sound_beta_2/voice_en/extra_en_39.ab,e0a76aa21e1664c12883ed6e995dbcbc,3370820
audio/sound_beta_2/voice_en/extra_en_4.ab,035908a03560998f150efa92502f5afd,3344039
audio/sound_beta_2/voice_en/extra_en_40.ab,a9c8b990cee92c7413075b55caaa1458,3859325
audio/sound_beta_2/voice_en/extra_en_41.ab,bfa24f085a4dbc0c9ce5f59b65178503,3908236
audio/sound_beta_2/voice_en/extra_en_42.ab,c9b242ec2fe9488a419f02035479e94c,3487005
audio/sound_beta_2/voice_en/extra_en_43.ab,e41b3e9c7edc37e44493782173754a03,3803253
audio/sound_beta_2/voice_en/extra_en_44.ab,6154496f5294e89df925944a5246712c,4383271
audio/sound_beta_2/voice_en/extra_en_45.ab,8fb716850e7821b17c73a0a57b26f433,4843976
audio/sound_beta_2/voice_en/extra_en_46.ab,7d46f7a761f838652c24c666aab40121,4474551
audio/sound_beta_2/voice_en/extra_en_47.ab,e2a892315ec3afa00afc1f62d0b2e8ab,4394306
audio/sound_beta_2/voice_en/extra_en_48.ab,46ef0d11b4597f43d16ae7b5234819ef,3844115
audio/sound_beta_2/voice_en/extra_en_49.ab,3de99f868493b388f379ead02daf3090,4653676
audio/sound_beta_2/voice_en/extra_en_5.ab,ead6a89be074be420071c1f2fff5ff4f,3091656
audio/sound_beta_2/voice_en/extra_en_50.ab,2e90a4beb20b3f56a37246d85199ba77,2473594
audio/sound_beta_2/voice_en/extra_en_6.ab,98236ee46be76b3b1dc0dafb4bc32f29,3711731
audio/sound_beta_2/voice_en/extra_en_7.ab,b2e87ce85992d086296167ca1b5df419,3667341
audio/sound_beta_2/voice_en/extra_en_8.ab,9edcc460ddae13b4161ba3f06aa70df1,3427399
audio/sound_beta_2/voice_en/extra_en_9.ab,9f10c0780b72c0902e47d699472bd9ee,3375288
audio/sound_beta_2/voice_kr/char_002_amiya.ab,1cc8d5616dc42ae083bbd2013829b209,1747379
audio/sound_beta_2/voice_kr/char_003_kalts.ab,b2b8b5798071375c2b1147fa87d76875,1909683
audio/sound_beta_2/voice_kr/char_003_kalts_boc#6.ab,77a071a270168fa4de925edf51a8a149,2221771
audio/sound_beta_2/voice_kr/char_009_12fce.ab,0de21dd6fb119ac9fb4f39eb2ea32e4e,2473269
audio/sound_beta_2/voice_kr/char_010_chen.ab,bf94624b9d918b5b866a87c88b5846b8,1309854
audio/sound_beta_2/voice_kr/char_017_huang.ab,575e5533a398133da59c6fd1461661c3,2736295
audio/sound_beta_2/voice_kr/char_1001_amiya2.ab,ff6a57cc481f490fe8fcf0c155138218,2725579
audio/sound_beta_2/voice_kr/char_1011_lava2.ab,97e75ee7586d983c22a98f6ffaaa3f9f,2725704
audio/sound_beta_2/voice_kr/char_1012_skadi2.ab,f6a665ea617cfbe9c38ae396cb569d53,6923851
audio/sound_beta_2/voice_kr/char_1012_skadi2_iteration#2.ab,09e9fe936e2b33c5e82069860a160f14,4451228
audio/sound_beta_2/voice_kr/char_1013_chen2.ab,a3ab39881fe62d60ad67ad3555032697,2096910
audio/sound_beta_2/voice_kr/char_1014_nearl2.ab,1c42de567763938d2d2e696ca49af1d6,2948109
audio/sound_beta_2/voice_kr/char_1016_agoat2.ab,ed1ca5843fe23a6743085ad704653013,4100938
audio/sound_beta_2/voice_kr/char_1016_agoat2_epoque#34.ab,6a7c9dc17f42cc6b6ef8708386d263d4,3485452
audio/sound_beta_2/voice_kr/char_1019_siege2.ab,a92451e004fce7d4efb023afea987f45,2459626
audio/sound_beta_2/voice_kr/char_101_sora.ab,00f31d69a1e614f7773e6fbd2dd4e284,1960904
audio/sound_beta_2/voice_kr/char_1020_reed2.ab,626ff6cf11b9cf7061c6c192db1b1f0a,3030298
audio/sound_beta_2/voice_kr/char_1021_kroos2.ab,4c831da038abbf06b43947a57ab956f7,3044206
audio/sound_beta_2/voice_kr/char_1022_flwr2.ab,3796bd5c1ff75a6b8866ccc55586fe6a,2693439
audio/sound_beta_2/voice_kr/char_1023_ghost2.ab,5ccdf9453754ccdf43f4c4442d8fbae7,3397612
audio/sound_beta_2/voice_kr/char_1024_hbisc2.ab,eb818b6fe4bd4f61e48b92c1246e0d3b,3191063
audio/sound_beta_2/voice_kr/char_1026_gvial2.ab,fb5817b7fc6caa7be3c2a40a1164400e,2385878
audio/sound_beta_2/voice_kr/char_1027_greyy2.ab,8d1cb391ae38b4cfe5a10782cdfc59e8,2731181
audio/sound_beta_2/voice_kr/char_1028_texas2.ab,d5d55d711c05cc73e329efb4ceb4c159,2746666
audio/sound_beta_2/voice_kr/char_1029_yato2.ab,c7819c9944eca5bbe4c6654a7fb82d3f,2407231
audio/sound_beta_2/voice_kr/char_102_texas.ab,0e507a5f3a31ce967e1b6ddc2f2c8009,903462
audio/sound_beta_2/voice_kr/char_1030_noirc2.ab,89f033c7586a4c8978eca8506bb5c86e,2185621
audio/sound_beta_2/voice_kr/char_1031_slent2.ab,734037776ccac5f18089644d543fb27e,1910011
audio/sound_beta_2/voice_kr/char_1032_excu2.ab,0257848bea2c6064888612d81ad24553,3156945
audio/sound_beta_2/voice_kr/char_1032_excu2_sale#12.ab,05fd4bbace65081f2a069863b806f8fd,2178442
audio/sound_beta_2/voice_kr/char_1033_swire2.ab,cce5d32190b74f6c8518c27f56a23207,2872493
audio/sound_beta_2/voice_kr/char_1034_jesca2.ab,a7dbe88f0453067a1ecc25fb36fe99b3,3126608
audio/sound_beta_2/voice_kr/char_1035_wisdel.ab,bfc13c65dcf9c3e3cbfea4a02b7adabf,3672567
audio/sound_beta_2/voice_kr/char_1035_wisdel_sale#14.ab,1eb5d2b7eeaa1266c94b09465087223c,3317139
audio/sound_beta_2/voice_kr/char_1036_fang2.ab,647a0039f3a6a42535966706aa17acea,1880725
audio/sound_beta_2/voice_kr/char_1037_amiya3.ab,533cb204ff1733caf713926022f7f078,3441198
audio/sound_beta_2/voice_kr/char_1038_whitw2.ab,af64f7c2c59befa92f0ac203a14ad3af,2885340
audio/sound_beta_2/voice_kr/char_1038_whitw2_sale#15.ab,6a2ae025197f811b6059c5e8164dd864,3094774
audio/sound_beta_2/voice_kr/char_1039_thorn2.ab,32d87595a3acc09152c38ae818f54c42,2661859
audio/sound_beta_2/voice_kr/char_103_angel.ab,b5a22b26b2b4c0ad4a2e6fef0e21d302,1373946
audio/sound_beta_2/voice_kr/char_1040_blaze2.ab,8ed9371b50cfa83bba052c24957bdd96,3132527
audio/sound_beta_2/voice_kr/char_1041_angel2.ab,c2f9612c3ad518550a5e1649eff5941d,2714473
audio/sound_beta_2/voice_kr/char_1042_phatm2.ab,cca0ea88def7a23537b91401a770f5b2,2865853
audio/sound_beta_2/voice_kr/char_1043_leizi2.ab,4604b4abe3963018a728e0c6016277fd,3078110
audio/sound_beta_2/voice_kr/char_1044_hsgma2.ab,96462b517ac1097f79b4d119953c8316,2722863
audio/sound_beta_2/voice_kr/char_1045_svash2.ab,d8a1d55c331ab2ea3745a34642a59dc6,3034011
audio/sound_beta_2/voice_kr/char_1046_sbell2.ab,e83a4287d0e604f23c7a02822b578948,2917233
audio/sound_beta_2/voice_kr/char_1047_halo2.ab,b6d8117c5cdcd84cc3f58a9446fda43a,2545599
audio/sound_beta_2/voice_kr/char_1050_chen3.ab,e230f978bc3d84cb498cca4833843f90,2406428
audio/sound_beta_2/voice_kr/char_106_franka.ab,c214e16686407f00ffc6bccac45aeac2,1772753
audio/sound_beta_2/voice_kr/char_107_liskam.ab,d02df74f7a4dcc43340589be9c7426e8,1404159
audio/sound_beta_2/voice_kr/char_108_silent.ab,2024f75ef6ff65cf4a65432d6343c92a,1805599
audio/sound_beta_2/voice_kr/char_109_fmout.ab,b8dd905f4e2b18199a7a652b0f72bead,1523600
audio/sound_beta_2/voice_kr/char_110_deepcl.ab,62bef7b2a82bd947e6679e4c56aa3225,1686939
audio/sound_beta_2/voice_kr/char_112_siege.ab,caf8540847caeb8bb4df4aa5edd09904,1565517
audio/sound_beta_2/voice_kr/char_113_cqbw.ab,88fa3d1e36e82e3bb07afa27fa85c210,3609167
audio/sound_beta_2/voice_kr/char_113_cqbw_epoque#7.ab,56042dfc61c29ab82b40c23664bfcd26,2661075
audio/sound_beta_2/voice_kr/char_115_headbr.ab,81ece4c7dfd507cd7719d3eb7a1d81db,1499516
audio/sound_beta_2/voice_kr/char_117_myrrh.ab,783b24837cb325d4f6dce4dc514ab0fd,2200802
audio/sound_beta_2/voice_kr/char_118_yuki.ab,bbccefa01ea0d13362abddd591595986,763366
audio/sound_beta_2/voice_kr/char_120_hibisc.ab,608dce8301267594145e774f35b81970,1983961
audio/sound_beta_2/voice_kr/char_121_lava.ab,f7544a075fb15d431354414258eafdc7,2025162
audio/sound_beta_2/voice_kr/char_122_beagle.ab,2053ba3bd4abe25296bfcce39032cd1c,1978302
audio/sound_beta_2/voice_kr/char_123_fang.ab,d970973dfe10dca3be64e5b5b16800ca,1463701
audio/sound_beta_2/voice_kr/char_124_kroos.ab,7cc3f051cae9be266de58ced6ef9b5a3,2258251
audio/sound_beta_2/voice_kr/char_126_shotst.ab,e460af565daf0acb03559ea23ca6a8fe,1334438
audio/sound_beta_2/voice_kr/char_127_estell.ab,740fe6758833e42547ecfbd8fcf10416,2042170
audio/sound_beta_2/voice_kr/char_128_plosis.ab,1e6aabd0654b2c9ebc901a5822f034a8,2064264
audio/sound_beta_2/voice_kr/char_129_bluep.ab,47f2bf82334a16a41c518bb0e848ffd3,2597670
audio/sound_beta_2/voice_kr/char_130_doberm.ab,1aa2ac44a679006b1e6926ec9262efb5,1371945
audio/sound_beta_2/voice_kr/char_131_flameb.ab,abf564bba95f582791da9d8a929468e9,1927936
audio/sound_beta_2/voice_kr/char_133_mm.ab,32f03b7d3d37b532f34dc6ecc1da7b1a,1956814
audio/sound_beta_2/voice_kr/char_134_ifrit.ab,8208e0c823ae1caa3f67e304846ae9d3,1809638
audio/sound_beta_2/voice_kr/char_135_halo.ab,1a043201ca77e31fb6160bdc7a5c4ddf,2371393
audio/sound_beta_2/voice_kr/char_136_hsguma.ab,5c40a09d1bbf2b7b2dd52bb9338ce528,1871054
audio/sound_beta_2/voice_kr/char_137_brownb.ab,837851236168697a3b283b4d4348725c,1496261
audio/sound_beta_2/voice_kr/char_140_whitew.ab,fae113e829e61077ed7275dc860ff251,2171482
audio/sound_beta_2/voice_kr/char_141_nights.ab,b8aa0f4e62692bcd1332ab82cc3b1487,1501288
audio/sound_beta_2/voice_kr/char_143_ghost.ab,c1738e4221b080f09276f957e774f692,2439399
audio/sound_beta_2/voice_kr/char_144_red.ab,0e445f8100ccffc05af449f6628828d6,1723612
audio/sound_beta_2/voice_kr/char_145_prove.ab,f44e907eb11b0462a1530b542c95d04d,1614066
audio/sound_beta_2/voice_kr/char_147_shining.ab,7238f4a9967a72b8d968628bfefad728,1934036
audio/sound_beta_2/voice_kr/char_148_nearl.ab,81184960030a684770f11f4c09491743,1411820
audio/sound_beta_2/voice_kr/char_149_scave.ab,0bbc090e17e5a3db128bcddf5cbd241a,1333936
audio/sound_beta_2/voice_kr/char_1502_crosly.ab,583626e32fd409ecbf2f27eb7052933f,2963908
audio/sound_beta_2/voice_kr/char_150_snakek.ab,405fffd862258bafa75891887f71162f,1563878
audio/sound_beta_2/voice_kr/char_151_myrtle.ab,08db1b61037cd1766ea3ca5e131b74ea,2069362
audio/sound_beta_2/voice_kr/char_154_morgan.ab,51b59aeb562525c068e45d992bb18464,2310389
audio/sound_beta_2/voice_kr/char_155_tiger.ab,1e530af0c49c4d4a7e29a57d974c2a00,1464471
audio/sound_beta_2/voice_kr/char_157_dagda.ab,947636788342205f33e9bd4df7e26110,2229378
audio/sound_beta_2/voice_kr/char_158_milu.ab,6405237f386d9c300015851c00b3b6c5,1185228
audio/sound_beta_2/voice_kr/char_159_peacok.ab,f7945d8b9c1f39ee0dc6e6b0588a7015,2426984
audio/sound_beta_2/voice_kr/char_163_hpsts.ab,b2765c939c412be4217afa43b978d43f,1574686
audio/sound_beta_2/voice_kr/char_164_nightm.ab,f8598d13910d5f719bdd36b9d914eed3,2869793
audio/sound_beta_2/voice_kr/char_166_skfire.ab,5b4f88b64a4c1ed006d4934c9c535ebf,2195372
audio/sound_beta_2/voice_kr/char_171_bldsk.ab,c15b9da2e433e9f505c7e720be3630e6,2228595
audio/sound_beta_2/voice_kr/char_172_svrash.ab,9d315743f1962c38dd5623bf3fca3219,2411495
audio/sound_beta_2/voice_kr/char_173_slchan.ab,7ba08f37f9aef10e19ab73e14e9049fc,1928539
audio/sound_beta_2/voice_kr/char_174_slbell.ab,76b30e586b11c5f3bc982998a5ffd0e4,1855832
audio/sound_beta_2/voice_kr/char_179_cgbird.ab,b5842a3fd9802d0b396e446b9a5e7943,1946739
audio/sound_beta_2/voice_kr/char_180_amgoat.ab,8e372de090bbfe49b826f51a835783b6,1792953
audio/sound_beta_2/voice_kr/char_181_flower.ab,caa633e34c5500fdbeab7db624a508eb,1357774
audio/sound_beta_2/voice_kr/char_183_skgoat.ab,993b16ef7c50ecd6d10049c7b53d0f1e,1361686
audio/sound_beta_2/voice_kr/char_185_frncat.ab,95835919907b50ea848fb767aee48f1b,2169365
audio/sound_beta_2/voice_kr/char_187_ccheal.ab,414d748037de9bfd7ce99e5f58c088be,1363433
audio/sound_beta_2/voice_kr/char_188_helage.ab,6d66b6b7c9b1c9a7f852674c2369707f,2809934
audio/sound_beta_2/voice_kr/char_190_clour.ab,40bfce3ac0d72ff1653a7a6b231167cb,1874857
audio/sound_beta_2/voice_kr/char_192_falco.ab,84dd509967b9888a4ed945992f699ea5,1613566
audio/sound_beta_2/voice_kr/char_193_frostl.ab,ae6594cc229af39dd6d2db5a7f1b8d09,1044750
audio/sound_beta_2/voice_kr/char_194_leto.ab,c5ab41b0cf5a67f62f0038beeb709af4,2944603
audio/sound_beta_2/voice_kr/char_195_glassb.ab,5398c2f5427a8629f928edbc5b39d7fb,1891298
audio/sound_beta_2/voice_kr/char_196_sunbr.ab,15795804b5f8a5eeb3eede22b95ec0a8,2086547
audio/sound_beta_2/voice_kr/char_197_poca.ab,af2b2e1c5ac147ea67ec49f59609605a,2113688
audio/sound_beta_2/voice_kr/char_198_blackd.ab,06afd523b92b59790d9848f20f40faf0,1636005
audio/sound_beta_2/voice_kr/char_199_yak.ab,04fb6b2013d082cba5f921a9075a0e54,1463043
audio/sound_beta_2/voice_kr/char_2012_typhon.ab,e68b21b97e9f8015932bf0c5241ff21c,3642462
audio/sound_beta_2/voice_kr/char_2013_cerber.ab,ed83f04ad7680945e15d798d2dda09a3,1786199
audio/sound_beta_2/voice_kr/char_2014_nian.ab,86ac7f2205270663a4f92f49607a90c6,3165136
audio/sound_beta_2/voice_kr/char_2015_dusk.ab,99b88784b401c261c28f586e8f5c203b,4013681
audio/sound_beta_2/voice_kr/char_201_moeshd.ab,bc149a9dd353612fd7b53d27da7ad014,1706454
audio/sound_beta_2/voice_kr/char_2023_ling.ab,b0b22fd545c4cef03c2ba24af75e46de,3348695
audio/sound_beta_2/voice_kr/char_2023_ling_nian#12.ab,1b6e81e416e11d1092fe8d05d2292b86,3263058
audio/sound_beta_2/voice_kr/char_2024_chyue.ab,9773f4f50f297e150a83ca01575e83ab,4116748
audio/sound_beta_2/voice_kr/char_2024_chyue_cfa#1.ab,7972474da0cdcc35523b0431cf2d96d4,2894908
audio/sound_beta_2/voice_kr/char_2025_shu.ab,4c3c5b5c3d6da092c354e41960974842,3368516
audio/sound_beta_2/voice_kr/char_2026_yu.ab,face4bc312b4793fbe46dccdba8f75ae,2800649
audio/sound_beta_2/voice_kr/char_2027_wang.ab,15a3cf412afa4b6e4c57112e019ac438,2545527
audio/sound_beta_2/voice_kr/char_202_demkni.ab,07c8226455174220795a6f3048340966,1681516
audio/sound_beta_2/voice_kr/char_204_platnm.ab,5d88339889a799425c660eff61d1a9ec,1974071
audio/sound_beta_2/voice_kr/char_206_gnosis.ab,a18ae78f8a95f4873432da9217539336,2169732
audio/sound_beta_2/voice_kr/char_208_melan.ab,14622a642e7c59c3306c95b45e22fda5,1593609
audio/sound_beta_2/voice_kr/char_209_ardign.ab,c257ce73f28ff4ffac79b2c137c11424,1779378
audio/sound_beta_2/voice_kr/char_210_stward.ab,516c9f74162638fcb4b560cc4f46de12,1520336
audio/sound_beta_2/voice_kr/char_211_adnach.ab,04ed5d6d8a0305136935af3534385897,1436850
audio/sound_beta_2/voice_kr/char_212_ansel.ab,044d9310aec7ec56cbb85cdb9b34fc41,1599398
audio/sound_beta_2/voice_kr/char_213_mostma.ab,f7f8c067e66cd665318402b482290bdc,1952087
audio/sound_beta_2/voice_kr/char_214_kafka.ab,c035979e5992dea1db8a11b11180dd9e,2289272
audio/sound_beta_2/voice_kr/char_215_mantic.ab,b1f07c8fa8ca447032c0c3587acf3da7,2142337
audio/sound_beta_2/voice_kr/char_218_cuttle.ab,fe7ecaf7c3a5f238fda49ab780905bea,2683025
audio/sound_beta_2/voice_kr/char_219_meteo.ab,2e35ece5e46f277c03d6b9ec97d11f35,1492057
audio/sound_beta_2/voice_kr/char_220_grani.ab,10c3890fe05f8fea6bc07a18191514f7,1936355
audio/sound_beta_2/voice_kr/char_222_bpipe.ab,59dcad999650361707ca19714697d787,2590599
audio/sound_beta_2/voice_kr/char_225_haak.ab,dbcc120a24939b5f9433c06b818c6493,3347670
audio/sound_beta_2/voice_kr/char_226_hmau.ab,e16ffe9d7db4849dc789a9e2a8c75795,1967145
audio/sound_beta_2/voice_kr/char_230_savage.ab,e9f6b12b6a236783bde43d87ba8ad2af,1774975
audio/sound_beta_2/voice_kr/char_235_jesica.ab,d04dde88f312d1c2299d93c1d673594c,2175530
audio/sound_beta_2/voice_kr/char_236_rope.ab,2e637b51322a81fa71c27ae9f53fbda0,2584717
audio/sound_beta_2/voice_kr/char_237_gravel.ab,a4ea557f159dadfb0c51f1654996a0b7,1383730
audio/sound_beta_2/voice_kr/char_240_wyvern.ab,d0b622a9965aeb048664a41824844ef2,1506213
audio/sound_beta_2/voice_kr/char_241_panda.ab,51c107ca449604e3d1a0eff7f5903bad,2024549
audio/sound_beta_2/voice_kr/char_242_otter.ab,526b8ad3362f27f1866f8540d28e7620,1959782
audio/sound_beta_2/voice_kr/char_243_waaifu.ab,2ad5660f416affae7a5248a2f835638c,2726818
audio/sound_beta_2/voice_kr/char_245_cello.ab,58647b8379d39b1caebf26b60e24e06d,3954971
audio/sound_beta_2/voice_kr/char_245_cello_sale#12.ab,f995ac3c354bbce475dd0bc9c9931551,2375690
audio/sound_beta_2/voice_kr/char_248_mgllan.ab,284cb1f25035a443f68fbf8c698e4307,2089623
audio/sound_beta_2/voice_kr/char_249_mlyss.ab,30e31e773dd04636125bf2531fc8f089,2157929
audio/sound_beta_2/voice_kr/char_249_mlyss_boc#8.ab,ca6eb0da5652b56c276e4cd21fe4d6e5,2277373
audio/sound_beta_2/voice_kr/char_250_phatom.ab,d131bcfb55402f676e5cfd0913a67740,2919298
audio/sound_beta_2/voice_kr/char_252_bibeak.ab,de8cf4a40041adb56daaae61caf65849,2679273
audio/sound_beta_2/voice_kr/char_253_greyy.ab,c0cbf3172387d0ff5049087f948fb80a,2298164
audio/sound_beta_2/voice_kr/char_254_vodfox.ab,13f8c991353e23794e0be43b35a287f2,2167244
audio/sound_beta_2/voice_kr/char_258_podego.ab,fc616a2d261db5a84157d9106b0a7190,1698663
audio/sound_beta_2/voice_kr/char_260_durnar.ab,284ac05bda719e2ae87afe27ea3afdae,1589225
audio/sound_beta_2/voice_kr/char_261_sddrag.ab,53140791675045a7629bd22ce42ece06,2222872
audio/sound_beta_2/voice_kr/char_263_skadi.ab,27f435aefbb65908124ef66344649db1,3338216
audio/sound_beta_2/voice_kr/char_264_f12yin.ab,63750483cdeb012422fd7779735e641e,2654467
audio/sound_beta_2/voice_kr/char_265_sophia.ab,3df2c710bbfa5f0ac0793a0484653eb1,2379888
audio/sound_beta_2/voice_kr/char_271_spikes.ab,afa523d720f9b41631247e931c9f333b,2345077
audio/sound_beta_2/voice_kr/char_272_strong.ab,2fb9eab552568f0f601e66ff988dc9e0,1589600
audio/sound_beta_2/voice_kr/char_274_astesi.ab,6f31077ec938b5cb0589ca93df328a4e,1999938
audio/sound_beta_2/voice_kr/char_275_breeze.ab,22be4c4db0b0406346f91aedbe9818b6,2000291
audio/sound_beta_2/voice_kr/char_277_sqrrel.ab,1ea0e3e3da72fcfc781b15e3a562b164,938727
audio/sound_beta_2/voice_kr/char_278_orchid.ab,e2f3e48a00b049ff8bcd7c242b118855,1713535
audio/sound_beta_2/voice_kr/char_279_excu.ab,ad65d105b055f5b4e5fe556304e829b5,3055430
audio/sound_beta_2/voice_kr/char_281_popka.ab,6e8588ebf002959e66103e9522ee998a,2161613
audio/sound_beta_2/voice_kr/char_282_catap.ab,d3e09b61a879c06ed1a5191e61f5c119,2006609
audio/sound_beta_2/voice_kr/char_283_midn.ab,e2792678e41c2697bcb6f4bcd387499d,2069808
audio/sound_beta_2/voice_kr/char_284_spot.ab,316b15fa4a13b8d413fed007a32c9b6a,1594328
audio/sound_beta_2/voice_kr/char_285_medic2.ab,75fbe31f4cc453fa4018c31749e49abb,1449138
audio/sound_beta_2/voice_kr/char_286_cast3.ab,f16fec1f53ee0285ae05335a64d5d42c,1490662
audio/sound_beta_2/voice_kr/char_289_gyuki.ab,808e735ce23ba1d75aa4608c569586a2,1817482
audio/sound_beta_2/voice_kr/char_290_vigna.ab,945034786c60d3674d2ccdb0035b4f20,1813079
audio/sound_beta_2/voice_kr/char_291_aglina.ab,a89fbd1c752a9e9db86518803efe3f46,2378906
audio/sound_beta_2/voice_kr/char_293_thorns.ab,c9d604d1038e2678ee3b0096681fdbad,1825778
audio/sound_beta_2/voice_kr/char_294_ayer.ab,e0629675183e36bab4a420368e459d1b,1945994
audio/sound_beta_2/voice_kr/char_297_hamoni.ab,4a5bc9004125e86928a825a14bd36b73,2730671
audio/sound_beta_2/voice_kr/char_298_susuro.ab,7e3e7dd7d5b9534684be2a0aec154275,2290367
audio/sound_beta_2/voice_kr/char_300_phenxi.ab,d8d4ca66f035a07ef66e74238b892412,3302625
audio/sound_beta_2/voice_kr/char_301_cutter.ab,1561e97445c6a03f16536707dc97358b,2484673
audio/sound_beta_2/voice_kr/char_302_glaze.ab,877ab4ce9be96c223e1db3de26a93920,2311677
audio/sound_beta_2/voice_kr/char_304_zebra.ab,26677e0c53e34c431b206c6bae15b019,1845491
audio/sound_beta_2/voice_kr/char_306_leizi.ab,75cd23456d6db4daf551f8c11c5c5739,2860469
audio/sound_beta_2/voice_kr/char_308_swire.ab,137f71e68d508e3dde064d6108ff0ef6,2716277
audio/sound_beta_2/voice_kr/char_311_mudrok#1.ab,7cef5381198f98c112d19248a294bae6,2009950
audio/sound_beta_2/voice_kr/char_311_mudrok.ab,92c881d325d1e46e17e9e0a5f35122c6,1460493
audio/sound_beta_2/voice_kr/char_322_lmlee.ab,8598e893ceee82410184c60611289208,3560234
audio/sound_beta_2/voice_kr/char_325_bison.ab,6d1c5974e3ded5c74cdbb2049359b4c5,1886482
audio/sound_beta_2/voice_kr/char_326_glacus.ab,cff312a38cb738cfd20fd688490c9480,2119926
audio/sound_beta_2/voice_kr/char_328_cammou.ab,7c7fc2507cf05a3d059d08affd0923e6,1767783
audio/sound_beta_2/voice_kr/char_332_archet.ab,a27399536cd58766bcc29701d90de24e,3132912
audio/sound_beta_2/voice_kr/char_333_sidero.ab,3b379cf45289ea5b98e8d3b5d0e64336,2238375
audio/sound_beta_2/voice_kr/char_336_folivo.ab,ebc2f50c6f1b12d7c40535f42a1a8af2,1568466
audio/sound_beta_2/voice_kr/char_337_utage.ab,83e08540716c4180c2ec5c435a67eedf,1882771
audio/sound_beta_2/voice_kr/char_338_iris.ab,2fafe2d2ebfc3ba5df8412b2b82cd39c,2644028
audio/sound_beta_2/voice_kr/char_340_shwaz.ab,e3dd3b68c88a302d0fb9b4468e42e7a0,2468919
audio/sound_beta_2/voice_kr/char_341_sntlla.ab,ad82f76509bcdd9aadff54d5bc9cbba7,2953530
audio/sound_beta_2/voice_kr/char_343_tknogi.ab,b321afa1c58a24e67cd269be251d1f16,2412612
audio/sound_beta_2/voice_kr/char_344_beewax.ab,19e6da2d4bd11496d197a130f2a0b663,3166048
audio/sound_beta_2/voice_kr/char_345_folnic.ab,613f7e38e4642267a91aaf20c7fe4ea5,2333156
audio/sound_beta_2/voice_kr/char_346_aosta.ab,04ecfa6b55eb4fa169e9d7b0deac4f0c,2192172
audio/sound_beta_2/voice_kr/char_347_jaksel.ab,68aaee21f59024ea8ec45a12044300d0,2174175
audio/sound_beta_2/voice_kr/char_348_ceylon.ab,c581e1ec1964e3372990b2960975501e,1924740
audio/sound_beta_2/voice_kr/char_349_chiave.ab,29cb1cb27faabb694f8008681b412736,1275563
audio/sound_beta_2/voice_kr/char_350_surtr.ab,6ac1870bc1aaac2fbae1a0d12487e2d7,1413881
audio/sound_beta_2/voice_kr/char_355_ethan.ab,a3a5e7ea70f588e40d8f2b75ef9f76c3,2724264
audio/sound_beta_2/voice_kr/char_356_broca.ab,ab9e26f8af291bd080c655dba7fdee10,1576727
audio/sound_beta_2/voice_kr/char_358_lisa.ab,5279958d22002c82d57867829855dc84,2598107
audio/sound_beta_2/voice_kr/char_362_saga.ab,78af7859e0b679b1f130e50adaf52c57,2807996
audio/sound_beta_2/voice_kr/char_363_toddi.ab,5910963d125a808db99844393474634d,1778583
audio/sound_beta_2/voice_kr/char_365_aprl.ab,1d3046cc320fc2fd1814f54831cec460,2387195
audio/sound_beta_2/voice_kr/char_366_acdrop.ab,9a254cf33aa84cdf6ae0dd8434af2b0a,1850000
audio/sound_beta_2/voice_kr/char_367_swllow.ab,2bd766745ba2c0c7f81976d5ab6d4f83,2181719
audio/sound_beta_2/voice_kr/char_369_bena.ab,2d1485824b2e903fb0e0df3ddf3747f8,2338380
audio/sound_beta_2/voice_kr/char_373_lionhd.ab,e7c63bce7b864ebc864cef59c1697483,2814504
audio/sound_beta_2/voice_kr/char_376_therex.ab,a916100a4b1941e9d6730988b8e01cda,1226463
audio/sound_beta_2/voice_kr/char_377_gdglow.ab,3d346f4281d490f46c0d79d505b6aa7e,3564345
audio/sound_beta_2/voice_kr/char_378_asbest.ab,9a6fbd64c256100367346ef18dad5653,2078573
audio/sound_beta_2/voice_kr/char_379_sesa.ab,94829e6e739edf92011b24a6f290088a,3089516
audio/sound_beta_2/voice_kr/char_381_bubble.ab,08beaa0b0c720dc7e7bbe229bca77d24,1993617
audio/sound_beta_2/voice_kr/char_383_snsant.ab,18663c0cb6cfe4e1dbf21bd7807d6f7a,2382289
audio/sound_beta_2/voice_kr/char_385_finlpp.ab,7e8433794d09768f1ac1cde2a42aed1b,2060520
audio/sound_beta_2/voice_kr/char_388_mint.ab,d313bfd1233de521d09ffa7d890943fa,2246158
audio/sound_beta_2/voice_kr/char_391_rosmon.ab,eb57b6aa972dab27e3f5cdaaafd95d45,4737957
audio/sound_beta_2/voice_kr/char_394_hadiya.ab,6c8897b678ebe5cdad1d86206dc4de0a,2177844
audio/sound_beta_2/voice_kr/char_4000_jnight.ab,3955fcd8f6f83e060233c5e2b5c8ab48,1113633
audio/sound_beta_2/voice_kr/char_4004_pudd.ab,5b0bf125fde309c3e3f650240404d948,2713328
audio/sound_beta_2/voice_kr/char_4006_melnte.ab,7512ea921f507d0e40722646f486eff9,2263857
audio/sound_beta_2/voice_kr/char_4009_irene.ab,111872f2b751b7a1d99eda2e756410c0,3187010
audio/sound_beta_2/voice_kr/char_400_weedy.ab,07a858252ca3d6c39fd57c6214654d82,1388583
audio/sound_beta_2/voice_kr/char_4010_etlchi.ab,8ac979660a9a801d62cad872dddd6d5e,2867267
audio/sound_beta_2/voice_kr/char_4011_lessng.ab,d9d48cb4158f1ab646e87a86386563dc,3298283
audio/sound_beta_2/voice_kr/char_4013_kjera.ab,3cdb37184eaa5c85edc2c493893d0bc1,2623614
audio/sound_beta_2/voice_kr/char_4014_lunacu.ab,3b7ee0bf85cbca4be61402bd6a147531,2514239
audio/sound_beta_2/voice_kr/char_4015_spuria.ab,28af54737c2881301dca1166ee23a686,3376577
audio/sound_beta_2/voice_kr/char_4016_kazema.ab,346784ac331c86574f0f6b448607120f,2477220
audio/sound_beta_2/voice_kr/char_4017_puzzle.ab,95082870473333e505c1a2e990ecfa67,3936088
audio/sound_beta_2/voice_kr/char_401_elysm.ab,fab3bace7e821c1b0880b8548471d3d5,2348600
audio/sound_beta_2/voice_kr/char_4023_rfalcn.ab,b66499d0a4c3534062ddae057bb7ba65,2542584
audio/sound_beta_2/voice_kr/char_4025_aprot2.ab,61d21e27b58dfb00bf8a21e1703cfdad,3245756
audio/sound_beta_2/voice_kr/char_4026_vulpis.ab,a293cd161ccc53a56e78f7c1e8085235,2359600
audio/sound_beta_2/voice_kr/char_4027_heyak.ab,9a309abe20566491fc49240478f90c17,2905832
audio/sound_beta_2/voice_kr/char_402_tuye.ab,d92788a9fdacb59ff082e06858ab3ce6,1845228
audio/sound_beta_2/voice_kr/char_4031_liesel.ab,b73237a53daf372a01b597a1e934eb78,2367633
audio/sound_beta_2/voice_kr/char_4032_provs.ab,1e42342462878a7d03d95845c3a613ed,2751131
audio/sound_beta_2/voice_kr/char_4036_forcer.ab,6cf16c824651cfaaa40ad5fe1023ca37,2472279
audio/sound_beta_2/voice_kr/char_4037_demetr.ab,7a4623f14e5dee82d92e0d982dfce6f2,1896840
audio/sound_beta_2/voice_kr/char_4039_horn.ab,8065ae12e467a7bdcb97b2485ade83cf,2651265
audio/sound_beta_2/voice_kr/char_4040_rockr.ab,dd2ac9209565c245792311d9ed8dca8b,2938291
audio/sound_beta_2/voice_kr/char_4041_chnut.ab,89b8324c021f1635c42b53961bd3daa8,2646368
audio/sound_beta_2/voice_kr/char_4042_lumen.ab,d532652d389143e12a9e2285cdfdbbe4,2774668
audio/sound_beta_2/voice_kr/char_4043_erato.ab,28c031a9e150069969e6d15b58b29dd3,2965601
audio/sound_beta_2/voice_kr/char_4045_heidi.ab,3e5220fb5f6db1e30374e58cd6c4e624,2723323
audio/sound_beta_2/voice_kr/char_4046_ebnhlz.ab,cbdb04b2e3b14fd3b697d704caa7aae0,3782353
audio/sound_beta_2/voice_kr/char_4047_pianst.ab,631999a1cbfdf77f343fdcc8fae2f698,3496945
audio/sound_beta_2/voice_kr/char_4048_doroth.ab,6ab0d9ead00bfc55645ca57bcd3089f6,3716901
audio/sound_beta_2/voice_kr/char_4051_akkord.ab,7848e1432d1ec840bf2a9cf851eccba3,2652807
audio/sound_beta_2/voice_kr/char_4052_surfer.ab,61e26530f7d420a61401c4dad34a8cde,3039874
audio/sound_beta_2/voice_kr/char_4054_malist.ab,bd989cc8fb36ea577a60c6c02b447aa4,3277939
audio/sound_beta_2/voice_kr/char_4055_bgsnow.ab,5a36516e69ef3a48e31f93637eafb292,3785525
audio/sound_beta_2/voice_kr/char_4056_titi.ab,85b2c2be904883f6fd3e6acd84bdbd90,3133419
audio/sound_beta_2/voice_kr/char_4058_pepe.ab,f693d2074bbe6e7148895a5a67e72d74,3283027
audio/sound_beta_2/voice_kr/char_405_absin.ab,7ba001a4804ed37a43fee394ebfd0d41,1909997
audio/sound_beta_2/voice_kr/char_4062_totter.ab,fb1fba855acadc8808e235f83d483386,1976562
audio/sound_beta_2/voice_kr/char_4063_quartz.ab,32b20bc5552e22931cd375742df8c74c,2796059
audio/sound_beta_2/voice_kr/char_4064_mlynar.ab,a429899fdf1fcc971ab5cf4a1f9a821f,3244201
audio/sound_beta_2/voice_kr/char_4064_mlynar_epoque#28.ab,1c57de583cd686e6cac951d26102921c,2621567
audio/sound_beta_2/voice_kr/char_4065_judge.ab,c342897ada59c9277a98645c289e1aaa,3454536
audio/sound_beta_2/voice_kr/char_4066_highmo.ab,d448ce8b164a65c2d0e31090d79d0f71,2331480
audio/sound_beta_2/voice_kr/char_4071_peper.ab,2baadc07651e045a55e6795302544801,2541006
audio/sound_beta_2/voice_kr/char_4072_ironmn.ab,6a6718c47bc0c8c0611e240498dd923b,3217844
audio/sound_beta_2/voice_kr/char_4078_bdhkgt.ab,91f579935b8f331b0d55e7f2cfb6a6e8,3134886
audio/sound_beta_2/voice_kr/char_4079_haini.ab,f47cee9028af665164d07513907fd5de,4008753
audio/sound_beta_2/voice_kr/char_4080_lin.ab,fbf4635e7909f120e156713acbbc1c4f,2864781
audio/sound_beta_2/voice_kr/char_4081_warmy.ab,cadd29f05b89ffa8386e90aaf1612dbf,3734723
audio/sound_beta_2/voice_kr/char_4082_qiubai.ab,29affb87fd5211c5067379daff7217c5,2844649
audio/sound_beta_2/voice_kr/char_4083_chimes.ab,7d44096a96bd9f71f957750aaa683aff,2468266
audio/sound_beta_2/voice_kr/char_4087_ines.ab,81fbe9a07d073c87620a02e2619fc78b,2323736
audio/sound_beta_2/voice_kr/char_4088_hodrer.ab,7011f945c3cf01548a78e6fc08b2f647,4050186
audio/sound_beta_2/voice_kr/char_4091_ulika.ab,fc488eb1457d947ccde35bf57dda84a4,2642866
audio/sound_beta_2/voice_kr/char_4093_frston.ab,a772007fc1bda630a3aa2fe1ca9e699e,1789195
audio/sound_beta_2/voice_kr/char_4098_vvana.ab,76b3cd9ea89648f58045b2f789dfaf91,4226745
audio/sound_beta_2/voice_kr/char_4100_caper.ab,5640736f62627af7dffef97750c3aff2,2545071
audio/sound_beta_2/voice_kr/char_4102_threye.ab,f27e3f0232f0325c3b58b6728209dbe0,3678702
audio/sound_beta_2/voice_kr/char_4104_coldst.ab,64de77137223b66e0c3a37fa602c248b,3117698
audio/sound_beta_2/voice_kr/char_4105_almond.ab,1c08aec663dbaad079ebf6d17b3cd7f8,3081488
audio/sound_beta_2/voice_kr/char_4106_bryota.ab,80ed75ca6dd65b114ed900cd079da2cb,2915739
audio/sound_beta_2/voice_kr/char_4107_vrdant.ab,9b0b913528d0f54c419e76079bbd749f,3276304
audio/sound_beta_2/voice_kr/char_4109_baslin.ab,0ef87c8687f28fc83d344dfb6d89b6a1,3311601
audio/sound_beta_2/voice_kr/char_4110_delphn.ab,f959588bccdec87b9d194705e694492c,2241361
audio/sound_beta_2/voice_kr/char_4114_harold.ab,85c46a1871258669e12abf58c599385a,3504884
audio/sound_beta_2/voice_kr/char_4116_blkkgt.ab,f55ac3863d4280c0f1923fece7716066,2332325
audio/sound_beta_2/voice_kr/char_4117_ray.ab,b7dbc7ceaaaef8d6f4a847d9a39991fd,2750158
audio/sound_beta_2/voice_kr/char_4119_wanqin.ab,b0075e39deeae6e7320372e1ef9af7af,3014922
audio/sound_beta_2/voice_kr/char_411_tomimi.ab,2e31d3e099d5273d30cf510818ee5018,2608481
audio/sound_beta_2/voice_kr/char_4121_zuole.ab,8423649529032dfd3c448da09c732306,3360074
audio/sound_beta_2/voice_kr/char_4122_grabds.ab,e37dd1ef298ce73e8dcb1479f7d9fa54,3337288
audio/sound_beta_2/voice_kr/char_4130_luton.ab,24de9111e5120ef91337a446aaec43db,3077662
audio/sound_beta_2/voice_kr/char_4131_odda.ab,72d4d5c69bf642b355a2ec81832bb1d5,3518469
audio/sound_beta_2/voice_kr/char_4132_ascln.ab,6bc978c97a5d51d44916341777f07c0e,3323966
audio/sound_beta_2/voice_kr/char_4133_logos.ab,be894bb1503c54433c9fba0929cf9d78,3005732
audio/sound_beta_2/voice_kr/char_4134_cetsyr.ab,bddf8c748a62b6fe73c46c7e762428d1,6895913
audio/sound_beta_2/voice_kr/char_4134_cetsyr_epoque#50.ab,627f9cf42af137a3cf13a0b28c7c1db6,4232345
audio/sound_beta_2/voice_kr/char_4136_phonor.ab,54f834a14d1cbd6199d6e807e4c2315c,1753208
audio/sound_beta_2/voice_kr/char_4137_udflow.ab,fb26f06ef2a46e9994a4d57ddd7a962e,3843187
audio/sound_beta_2/voice_kr/char_4138_narant.ab,fef8de9e722a2ba0432d259a490bd542,3480446
audio/sound_beta_2/voice_kr/char_4139_papyrs.ab,4aeb77f8594dd103dd11ab928975a9b8,3402850
audio/sound_beta_2/voice_kr/char_4140_lasher.ab,6d2b6e316a6e16a1921e4ab95c6385d3,4160684
audio/sound_beta_2/voice_kr/char_4145_ulpia.ab,24ebe2da70ccacd80d3915e202165d7e,3486802
audio/sound_beta_2/voice_kr/char_4146_nymph.ab,24dbc1992a18f2b5beafff9a0238fd04,3073986
audio/sound_beta_2/voice_kr/char_4147_mitm.ab,2eda1a2c614335a597f8b51e7d7bf529,3413954
audio/sound_beta_2/voice_kr/char_4148_philae.ab,8e11e1a6b863ce317f0c4ea13c99d4a2,3162712
audio/sound_beta_2/voice_kr/char_4151_tinman.ab,5d9c4080470e93f38f9941b2e59d2497,4010565
audio/sound_beta_2/voice_kr/char_4155_talr.ab,fe434200f7661e47a935381a84203059,2612692
audio/sound_beta_2/voice_kr/char_415_flint.ab,fedb35175c359ce49ec342a3952f4d44,2154239
audio/sound_beta_2/voice_kr/char_4162_cathy.ab,512f80ba4a99002565d2618b34a8c852,2588909
audio/sound_beta_2/voice_kr/char_4163_rosesa.ab,db9c625d4db87ad88fa2f5d2f622e9aa,3249869
audio/sound_beta_2/voice_kr/char_4164_tecno.ab,e473d21a6180db5c927007d590c1817a,2817380
audio/sound_beta_2/voice_kr/char_4165_ctrail.ab,f784da1dd756f9ae0f1afe588547489a,2903311
audio/sound_beta_2/voice_kr/char_4166_varkis.ab,b27223e100a68efbb45b20280e824921,2325710
audio/sound_beta_2/voice_kr/char_416_zumama.ab,4620c0f126a47f0b31a07b66a508d79f,2203168
audio/sound_beta_2/voice_kr/char_4171_wulfen.ab,e12c238b687bc08c032aff742d963b88,2543975
audio/sound_beta_2/voice_kr/char_4172_xingzh.ab,702abddc99a5dc2b3771957a81e80d13,3337514
audio/sound_beta_2/voice_kr/char_4173_nowell.ab,b16d22d8f248149e6da9e667ea8cfa10,2307144
audio/sound_beta_2/voice_kr/char_4177_brigid.ab,472d40cd66addca152b67a79ae450bc0,2508899
audio/sound_beta_2/voice_kr/char_4178_alanna.ab,dc8348864b08cc84cc0ae1d168d44707,2391705
audio/sound_beta_2/voice_kr/char_4179_monstr.ab,0d5bf870c9b76b13b266f90c6ead71da,2489134
audio/sound_beta_2/voice_kr/char_4187_graceb.ab,3c399683d0eb7f1f275c3bac44ea2002,3339371
audio/sound_beta_2/voice_kr/char_4188_confes.ab,4246c0f9c39e7f4912df01e405deae9d,2262119
audio/sound_beta_2/voice_kr/char_4191_tippi.ab,5b176f93fe975cecb9ee5244614acfb2,2766220
audio/sound_beta_2/voice_kr/char_4193_lemuen.ab,64cdf6f56389628dba7eb5ce50fb30b4,2501583
audio/sound_beta_2/voice_kr/char_4194_rmixer.ab,b88fa4fb5129f159ee4b04e050e395cf,3556440
audio/sound_beta_2/voice_kr/char_4195_radian.ab,1c89348279fc7d0915aa8bc1e8c3c6ab,3297498
audio/sound_beta_2/voice_kr/char_4196_reckpr.ab,e55309515a33dd78dd40fac1cfb58d34,3715864
audio/sound_beta_2/voice_kr/char_4199_makiri.ab,a85072d084d5240e5d7b4d6b45686533,3305015
audio/sound_beta_2/voice_kr/char_4202_haruka.ab,711a1fb13ef53c805f9bcaa783aa3320,3096566
audio/sound_beta_2/voice_kr/char_4203_kichi.ab,2bc9d9c2b08176b6aac7ff2e486f40c5,2616334
audio/sound_beta_2/voice_kr/char_4204_mantra.ab,58e9227215cf08ff7d314f7c3f5727ee,2906494
audio/sound_beta_2/voice_kr/char_4207_branch.ab,c4b950ee21bef12b0076783e3c8d35e4,3145792
audio/sound_beta_2/voice_kr/char_4208_wintim.ab,5227e354208fa7a7266ce6b7b609434f,2605768
audio/sound_beta_2/voice_kr/char_420_flamtl.ab,507ded4954fee0507bd671606dc9192c,2832489
audio/sound_beta_2/voice_kr/char_4211_snhunt.ab,b90bed3f405276fb59a8ed0ef60a9771,2725161
audio/sound_beta_2/voice_kr/char_4212_nasti.ab,cf11108e5da953f60a2f7cf79128ce01,2126483
audio/sound_beta_2/voice_kr/char_4213_skybx.ab,efbf3a7c5f6990157deec488e24f5f83,3446134
audio/sound_beta_2/voice_kr/char_4214_cairn.ab,d53c7debb65ef381500b16cce6255ca8,2405860
audio/sound_beta_2/voice_kr/char_421_crow.ab,25ca43eeec4344a5b88a588750b51445,2031874
audio/sound_beta_2/voice_kr/char_4221_ju.ab,870e1d4b6f0dc2668de4b9b6925e7ac5,3267119
audio/sound_beta_2/voice_kr/char_4222_taraxa.ab,02427e88395ec83802fa4d394430a6bd,2716430
audio/sound_beta_2/voice_kr/char_422_aurora.ab,74f6a94f587ff73dc679dd461577b08b,2835748
audio/sound_beta_2/voice_kr/char_423_blemsh.ab,dc9816a27a93ddd2098c9654c72cfcb2,2065630
audio/sound_beta_2/voice_kr/char_426_billro.ab,4b6a9c5023e791bc3df73e87bd7c5d1c,3103754
audio/sound_beta_2/voice_kr/char_427_vigil.ab,f02967925983ef8035da1f88298158c6,2934122
audio/sound_beta_2/voice_kr/char_430_fartth.ab,0098304eac4932505f35d699befee51a,2514311
audio/sound_beta_2/voice_kr/char_431_ashlok.ab,4ae72fc13da03275a1532d1d9e1a3a71,1897007
audio/sound_beta_2/voice_kr/char_433_windft.ab,1da767fa36ef9577b5f65964c1c5cfb6,2614904
audio/sound_beta_2/voice_kr/char_436_whispr.ab,7c6a8d00df3b4b4ba1457de1fbfe64e7,2815398
audio/sound_beta_2/voice_kr/char_437_mizuki.ab,b6214e399c9c1dfe9c0181c6195e0c01,2569125
audio/sound_beta_2/voice_kr/char_440_pinecn.ab,c148a5c11539ebbc5d8fbd62381d3656,3298811
audio/sound_beta_2/voice_kr/char_445_wscoot.ab,80d7ecbb00c463811ddce6871d0668b9,3905625
audio/sound_beta_2/voice_kr/char_446_aroma.ab,76df2cb899cb54f1946ccce997b8ab84,3088448
audio/sound_beta_2/voice_kr/char_449_glider.ab,e582c642b2ffe56a754d34825391c06f,2562196
audio/sound_beta_2/voice_kr/char_450_necras.ab,3fb0394f171652dc317ae120974b95f1,2735762
audio/sound_beta_2/voice_kr/char_451_robin.ab,96fc9bceedc40af7ab9218fa6c5f1fe3,2145604
audio/sound_beta_2/voice_kr/char_452_bstalk.ab,0027159e88654463b890568347a2752d,2187814
audio/sound_beta_2/voice_kr/char_455_nothin.ab,fd74008637a49ebb2e3c7cebc0593cda,3771599
audio/sound_beta_2/voice_kr/char_464_cement.ab,f20078a828e9b4ccb4c89b4784410e74,2813727
audio/sound_beta_2/voice_kr/char_466_qanik.ab,f9c6d19f0ef2fed7af5f64e017218ed2,3369438
audio/sound_beta_2/voice_kr/char_469_indigo.ab,12acc7bdf2bdeabd2b55c0d6737e28d7,2920921
audio/sound_beta_2/voice_kr/char_472_pasngr.ab,881a3e622dae1a913439b599fe6785e6,4211117
audio/sound_beta_2/voice_kr/char_472_pasngr_epoque#17.ab,f16a11550eee8d4d7eafd5e92fa9c158,4544586
audio/sound_beta_2/voice_kr/char_473_mberry.ab,446ccd4e9a8127ae427b5ddb98ab71ec,3492869
audio/sound_beta_2/voice_kr/char_474_glady.ab,3741bb98b2e69fb2018c0b6ecf428067,3479582
audio/sound_beta_2/voice_kr/char_475_akafyu.ab,e1cdc42cb04e0200e65fe1b6acbd30b7,3393127
audio/sound_beta_2/voice_kr/char_476_blkngt.ab,b76553c1fde56261ce849c225c7601c6,2660895
audio/sound_beta_2/voice_kr/char_478_kirara.ab,dacad39687489a9ad00ff0518e30edf2,2758696
audio/sound_beta_2/voice_kr/char_479_sleach.ab,2a3db01ed7bc25b4ecf1d848035fd072,2627718
audio/sound_beta_2/voice_kr/char_484_robrta.ab,8a3346d4be4104473602ceee8e45fab8,3082460
audio/sound_beta_2/voice_kr/char_485_pallas.ab,b83d748c6193ab0f1f2743cf4a801a3f,2986046
audio/sound_beta_2/voice_kr/char_486_takila.ab,77dbaea845f77b82e7e381f0066e91ab,2804556
audio/sound_beta_2/voice_kr/char_487_bobb.ab,1d86d674078766ad4c30ab3a4640fd60,3318516
audio/sound_beta_2/voice_kr/char_488_buildr.ab,20fc1e0195c1d9f1bb0b1d0f314e0158,3265926
audio/sound_beta_2/voice_kr/char_489_serum.ab,d9e3ebb9629ace673f571af223cb8b5d,3963099
audio/sound_beta_2/voice_kr/char_491_humus.ab,855ad287442ee173949e7841d21c4577,2236061
audio/sound_beta_2/voice_kr/char_492_quercu.ab,e1a27137e7c83ccf6b3653111f9696f3,2471600
audio/sound_beta_2/voice_kr/char_493_firwhl.ab,5a07d0230feb7ec8dcd752d11df0bd42,2517326
audio/sound_beta_2/voice_kr/char_494_vendla.ab,bf4b51ec097736ebab71ec4274c7a2d9,4249437
audio/sound_beta_2/voice_kr/char_496_wildmn.ab,2a68c0105615d28a9d16cad791084b7a,2417047
audio/sound_beta_2/voice_kr/char_497_ctable.ab,3bc8836ac5e2ea1f8cd0fe10e6ba9253,2599309
audio/sound_beta_2/voice_kr/char_498_inside.ab,948361f38dbca3547798c66bb672b5e6,3230089
audio/sound_beta_2/voice_kr/char_499_kaitou.ab,64786f32dcc207c999b98c302758c703,3704198
audio/sound_beta_2/voice_kr/char_500_noirc.ab,fe307b1fc78990a4265ffec39a6f9f6f,1361087
audio/sound_beta_2/voice_kr/char_501_durin.ab,ce2276041b40563aa32abbc0be140963,2375849
audio/sound_beta_2/voice_kr/char_502_nblade.ab,8e68fb8130839696aef1f3a9c822a83f,1119693
audio/sound_beta_2/voice_kr/char_503_rang.ab,548eb0bc6ab877f3e2f89b79507f4668,1706471
audio/sound_beta_2/voice_kr/char_508_aguard.ab,0354284c5ada81c67a629e9ddb7c075b,215343
audio/sound_beta_2/voice_kr/char_509_acast.ab,b9aae78600c0b0e8396af576508d9bee,310196
audio/sound_beta_2/voice_kr/char_510_amedic.ab,62c2e254b69a3d3784078dfce3028d29,263185
audio/sound_beta_2/voice_kr/char_511_asnipe.ab,56e8f200c344b31a8db1b11571ed4ab8,275173
audio/sound_beta_2/voice_kr/char_513_apionr.ab,725d939a321d025beacd7dad74cf1f93,327302
audio/sound_beta_2/voice_kr/extra_kr_0.ab,ce39b9511182a1794336f847cc4fb15d,3340040
audio/sound_beta_2/voice_kr/extra_kr_1.ab,be5afe4a0cdece95abdd1b20090a60fe,4211788
audio/sound_beta_2/voice_kr/extra_kr_10.ab,42580901f285174fe1ab930e8cad817d,3859463
audio/sound_beta_2/voice_kr/extra_kr_11.ab,87cb7aa14525e6b8b71da0a195d775cc,3734861
audio/sound_beta_2/voice_kr/extra_kr_12.ab,f8702248b86b2fdf1bda7d159d253075,3661595
audio/sound_beta_2/voice_kr/extra_kr_13.ab,83364cc386686df75b7388c71a57f459,3776119
audio/sound_beta_2/voice_kr/extra_kr_14.ab,ff1373a0e35a119d4a3ef44520aac392,3843003
audio/sound_beta_2/voice_kr/extra_kr_15.ab,d33cc15f99f777b301d90459c55820f7,3880105
audio/sound_beta_2/voice_kr/extra_kr_16.ab,ccca0bb5ed2be6fb06563e25b5d9d310,4113115
audio/sound_beta_2/voice_kr/extra_kr_17.ab,26d8a70255107d613b06b8dc6db9767f,3623791
audio/sound_beta_2/voice_kr/extra_kr_18.ab,b1fdfc52193e253803aab155fce71d0b,3883552
audio/sound_beta_2/voice_kr/extra_kr_19.ab,7ffd9a3e5bd031cb1d26052e5167f15a,4111591
audio/sound_beta_2/voice_kr/extra_kr_2.ab,44a364cc4bc1ebbe147ce3e64915d99d,4057978
audio/sound_beta_2/voice_kr/extra_kr_20.ab,e12481ee08674c14dad586cfb477c48f,4105575
audio/sound_beta_2/voice_kr/extra_kr_21.ab,276dd1f8cfb1e86d40ea7e8d923b286f,4543306
audio/sound_beta_2/voice_kr/extra_kr_22.ab,40129645bdbed31bec0ff24443bedff8,4350850
audio/sound_beta_2/voice_kr/extra_kr_23.ab,88d7d1c2f686d97718387c02dd4dab7c,3522620
audio/sound_beta_2/voice_kr/extra_kr_24.ab,7f23d12ae16729bd371c1f7d095d2a8d,4943415
audio/sound_beta_2/voice_kr/extra_kr_25.ab,58ac3787071df9d708557541e8da8578,3671084
audio/sound_beta_2/voice_kr/extra_kr_26.ab,c1475329a867b9278229bf5d3c10608f,3882543
audio/sound_beta_2/voice_kr/extra_kr_27.ab,2779aef48d6a87649f610a33f3f0115c,4995780
audio/sound_beta_2/voice_kr/extra_kr_28.ab,826f6a9dee6ec454434ec4330ad7d3ec,4238814
audio/sound_beta_2/voice_kr/extra_kr_29.ab,e0c118556e892e55fbd8bcf611034e78,4127078
audio/sound_beta_2/voice_kr/extra_kr_3.ab,df07bf0cd103d7f400edbc818245ec34,3483489
audio/sound_beta_2/voice_kr/extra_kr_30.ab,1acbd56b77d3e47efe50827fc719445b,3873461
audio/sound_beta_2/voice_kr/extra_kr_31.ab,636fd4f9675686f53202ec8a3a6e3079,3688001
audio/sound_beta_2/voice_kr/extra_kr_32.ab,a1168ad49ddb246b503b7516b5c2794f,3940754
audio/sound_beta_2/voice_kr/extra_kr_33.ab,c5958e789fcfd8885cefbe817c7a51ee,3629730
audio/sound_beta_2/voice_kr/extra_kr_34.ab,03dcb7787feb410681bdc570b91b0ecd,3884601
audio/sound_beta_2/voice_kr/extra_kr_35.ab,c41ef8b8f745adc5fd5cb560b52c90cb,3564134
audio/sound_beta_2/voice_kr/extra_kr_36.ab,4d121c73db04352e7debc416fc27d716,3796829
audio/sound_beta_2/voice_kr/extra_kr_37.ab,b6334596f941ef08bb40f4f5d18564a5,3720951
audio/sound_beta_2/voice_kr/extra_kr_38.ab,e441fd06a625294d643cff7865fd8e23,3683437
audio/sound_beta_2/voice_kr/extra_kr_39.ab,9a09fa2e27cd3b9fbf58b68e92aeffd7,4097508
audio/sound_beta_2/voice_kr/extra_kr_4.ab,e603ec008d38f3b914a7e8bacf054d38,4057713
audio/sound_beta_2/voice_kr/extra_kr_40.ab,00c5a78832898762efb3fe52bca1419a,3653024
audio/sound_beta_2/voice_kr/extra_kr_41.ab,9173b15c8c5f67a78d73f9f721be9c2c,3621630
audio/sound_beta_2/voice_kr/extra_kr_42.ab,838003b7cce59cdcde79b914104b36dc,4178312
audio/sound_beta_2/voice_kr/extra_kr_43.ab,f05f620cc3b3548b16516df1e8424481,4969941
audio/sound_beta_2/voice_kr/extra_kr_44.ab,f006510d17a5affb1bbdfefb835c2403,3677497
audio/sound_beta_2/voice_kr/extra_kr_45.ab,0cb8e574446e4c8192ca8d743f9f5839,3916097
audio/sound_beta_2/voice_kr/extra_kr_46.ab,944fa272959944fe0160abca3cec855c,4011351
audio/sound_beta_2/voice_kr/extra_kr_47.ab,7cffd677c7b642814167ad68b8590654,3845991
audio/sound_beta_2/voice_kr/extra_kr_48.ab,69c32e73a4c323daec6be24c010b5459,3117695
audio/sound_beta_2/voice_kr/extra_kr_49.ab,6d213505e5cf3a0fbbd7705c0e371a18,4272423
audio/sound_beta_2/voice_kr/extra_kr_5.ab,b92c778f30e770538da6bb1770c54051,3537694
audio/sound_beta_2/voice_kr/extra_kr_50.ab,4c2feb326f093180563274001947cb89,2296947
audio/sound_beta_2/voice_kr/extra_kr_6.ab,3d60106a66d25fe7a0fed8a98cae516a,3983847
audio/sound_beta_2/voice_kr/extra_kr_7.ab,f834286e8aaa1304d1d1a7c013322fc2,3950822
audio/sound_beta_2/voice_kr/extra_kr_8.ab,3a9985365e5c76bfb071817258f40e16,4027689
audio/sound_beta_2/voice_kr/extra_kr_9.ab,f1a6d64f20e8117051e37ed4711fb857,3850918
